hour,source.group,value
0,Hydro,0.835170684931507
0,Gas,0.204911643835616
0,Wind,0.204069178082192
0,Solar,0
0,Coal,0
0,Oil,0
0,others,0.0715510616438356
1,Hydro,0.825362191780822
1,Gas,0.201094383561644
1,Wind,0.202959589041096
1,Solar,0
1,Coal,0
1,Oil,0
1,others,0.0715305136986301
2,Hydro,0.824882397260274
2,Gas,0.204058150684932
2,Wind,0.203759589041096
2,Solar,0
2,Coal,0
2,Oil,0
2,others,0.0715633904109589
3,Hydro,0.842986232876712
3,Gas,0.216740821917808
3,Wind,0.203808219178082
3,Solar,0.000736301369863014
3,Coal,0
3,Oil,0
3,others,0.0716387328767123
4,Hydro,0.948776438356164
4,Gas,0.241100616438356
4,Wind,0.202207534246575
4,Solar,0.00278356164383562
4,Coal,0
4,Oil,0
4,others,0.0716976369863014
5,Hydro,1.12482390410959
5,Gas,0.264017808219178
5,Wind,0.191204794520548
5,Solar,0.00831917808219178
5,Coal,0
5,Oil,0
5,others,0.0717455821917808
6,Hydro,1.25554678082192
6,Gas,0.279028082191781
6,Wind,0.180856849315069
6,Solar,0.019986301369863
6,Coal,0
6,Oil,0
6,others,0.071753801369863
7,Hydro,1.25637335616438
7,Gas,0.290053767123288
7,Wind,0.176941095890411
7,Solar,0.0364260273972603
7,Coal,0
7,Oil,0
7,others,0.071731198630137
8,Hydro,1.17815075342466
8,Gas,0.298703150684932
8,Wind,0.177539726027397
8,Solar,0.0537020547945206
8,Coal,0
8,Oil,0
8,others,0.0716675
9,Hydro,1.12192760273973
9,Gas,0.304722397260274
9,Wind,0.182377397260274
9,Solar,0.067463698630137
9,Coal,0
9,Oil,0
9,others,0.0716106506849315
10,Hydro,1.08167198630137
10,Gas,0.306882054794521
10,Wind,0.188169178082192
10,Solar,0.076341095890411
10,Coal,0
10,Oil,0
10,others,0.0715750342465753
11,Hydro,1.02729328767123
11,Gas,0.304946164383562
11,Wind,0.191079452054795
11,Solar,0.0787506849315069
11,Coal,0
11,Oil,0
11,others,0.0715469520547945
12,Hydro,0.991768356164384
12,Gas,0.29973198630137
12,Wind,0.196695890410959
12,Solar,0.0739178082191781
12,Coal,0
12,Oil,0
12,others,0.0715209246575342
13,Hydro,0.985723287671233
13,Gas,0.296130890410959
13,Wind,0.19781095890411
13,Solar,0.0626986301369863
13,Coal,0
13,Oil,0
13,others,0.0714921575342466
14,Hydro,1.00943226027397
14,Gas,0.293731917808219
14,Wind,0.196737671232877
14,Solar,0.0469958904109589
14,Coal,0
14,Oil,0
14,others,0.071522294520548
15,Hydro,1.10218089041096
15,Gas,0.294672191780822
15,Wind,0.19638904109589
15,Solar,0.0292520547945205
15,Coal,0
15,Oil,0
15,others,0.071572294520548
16,Hydro,1.26784664383562
16,Gas,0.295094520547945
16,Wind,0.197234931506849
16,Solar,0.0140493150684932
16,Coal,0
16,Oil,0
16,others,0.0716003767123288
17,Hydro,1.38196869863014
17,Gas,0.294274178082192
17,Wind,0.200578082191781
17,Solar,0.00501712328767123
17,Coal,0
17,Oil,0
17,others,0.071658595890411
18,Hydro,1.33458794520548
18,Gas,0.291150410958904
18,Wind,0.207204794520548
18,Solar,0.00117602739726027
18,Coal,0
18,Oil,0
18,others,0.0717120205479452
19,Hydro,1.17844671232877
19,Gas,0.284934931506849
19,Wind,0.214160273972603
19,Solar,1.0958904109589e-05
19,Coal,0
19,Oil,0
19,others,0.0717490068493151
20,Hydro,1.04117424657534
20,Gas,0.271606780821918
20,Wind,0.216304109589041
20,Solar,0
20,Coal,0
20,Oil,0
20,others,0.0717366780821918
21,Hydro,0.94407801369863
21,Gas,0.253839863013699
21,Wind,0.215016438356164
21,Solar,0
21,Coal,0
21,Oil,0
21,others,0.0720558561643836
22,Hydro,0.882811643835616
22,Gas,0.231201780821918
22,Wind,0.211834246575343
22,Solar,0
22,Coal,0
22,Oil,0
22,others,0.0716558561643836
23,Hydro,0.855905753424658
23,Gas,0.213360684931507
23,Wind,0.208307534246575
23,Solar,0
23,Coal,0
23,Oil,0
23,others,0.0717168150684931
