country,year,type,value,share
AL,2026,Non-Renewable,0.024639724265,0.0111765088911613
AL,2026,Renewable,2.179959628265,0.988823491108839
AL,2026,others,0,0
AL,2026,Nuclear,0,0
AT,2019,Renewable,47.6531357,0.792399329866172
AT,2019,Non-Renewable,12.2919232,0.204396028999335
AT,2019,others,0.19272,0.00320464113449325
AT,2019,Nuclear,0,0
AT,2020,Renewable,49.26251408,0.824863318768071
AT,2020,Non-Renewable,10.2662706,0.171900890497286
AT,2020,others,0.193248,0.00323579073464316
AT,2020,Nuclear,0,0
AT,2021,Renewable,46.1759577,0.815235903305963
AT,2021,Non-Renewable,10.2725442,0.181361627722936
AT,2021,others,0.19272,0.00340246897110107
AT,2021,Nuclear,0,0
AT,2022,Renewable,43.8499256,0.796302779353291
AT,2022,Non-Renewable,11.0242545,0.200197477613235
AT,2022,others,0.19272,0.0034997430334743
AT,2022,Nuclear,0,0
AT,2023,Renewable,51.8841712000001,0.873376779717728
AT,2023,Non-Renewable,7.32950979999999,0.123379125424548
AT,2023,others,0.19272,0.00324409485772417
AT,2023,Nuclear,0,0
AT,2024,Renewable,58.92584938,0.890827155337389
AT,2024,Non-Renewable,7.0282456,0.106251366772586
AT,2024,others,0.193248,0.00292147789002545
AT,2024,Nuclear,0,0
AT,2025,Renewable,48.54326366,0.852705797424781
AT,2025,Non-Renewable,8.19251829999999,0.143908903588511
AT,2025,others,0.19272,0.00338529898670814
AT,2025,Nuclear,0,0
AT,2026,Renewable,34.121876488,0.866758820307589
AT,2026,Non-Renewable,5.10224549999999,0.12960647964525
AT,2026,others,0.143088,0.0036347000471615
AT,2026,Nuclear,0,0
BA,2019,Non-Renewable,9.70641266,0.637221116682491
BA,2019,Renewable,5.52599632,0.362778883317509
BA,2019,others,0,0
BA,2019,Nuclear,0,0
BA,2020,Non-Renewable,10.4553893,0.707454024687628
BA,2020,Renewable,4.32350648,0.292545975312372
BA,2020,others,0,0
BA,2020,Nuclear,0,0
BA,2021,Non-Renewable,9.73543542,0.621965304506551
BA,2021,Renewable,5.91726313,0.378034695493449
BA,2021,others,0,0
BA,2021,Nuclear,0,0
BA,2022,Non-Renewable,9.54644101,0.687625489771241
BA,2022,Renewable,4.33675726,0.312374510228759
BA,2022,others,0,0
BA,2022,Nuclear,0,0
BA,2023,Non-Renewable,8.07534095,0.587092904039774
BA,2023,Renewable,5.67945134,0.412907095960226
BA,2023,others,0,0
BA,2023,Nuclear,0,0
BA,2024,Non-Renewable,7.89983867,0.641934661008737
BA,2024,Renewable,4.40645845,0.358065338991263
BA,2024,others,0,0
BA,2024,Nuclear,0,0
BA,2025,Non-Renewable,6.89660834,0.612471042381755
BA,2025,Renewable,4.36369274,0.387528957618245
BA,2025,others,0,0
BA,2025,Nuclear,0,0
BA,2026,Non-Renewable,4.65400134,0.550487224581468
BA,2026,Renewable,3.8003299,0.449512775418532
BA,2026,others,0,0
BA,2026,Nuclear,0,0
BE,2019,Renewable,14.966056335,0.170912467135098
BE,2019,Non-Renewable,25.4819168175,0.291003666772599
BE,2019,Nuclear,41.423411215,0.473055643346098
BE,2019,others,5.69423671250001,0.0650282227462048
BE,2020,Renewable,18.77030185143,0.226711284132046
BE,2020,Non-Renewable,25.828803673834,0.311965214775877
BE,2020,Nuclear,32.7937931425,0.396089685384065
BE,2020,others,5.4009592705,0.0652338157080115
BE,2021,Renewable,20.310122170183,0.21771061783428
BE,2021,Non-Renewable,25.008820040366,0.268077445161195
BE,2021,Nuclear,47.9634403175,0.514135273903497
BE,2021,others,0.00715186499999999,7.66631010276848e-05
BE,2022,Renewable,22.276071118959,0.248007505566912
BE,2022,Non-Renewable,25.792760233332,0.287160069340497
BE,2022,Nuclear,41.7433993825,0.464744267490065
BE,2022,others,0.007918329,8.81576025260918e-05
BE,2023,Renewable,25.340677980822,0.317448011118322
BE,2023,Non-Renewable,21.507747855764,0.269432088029129
BE,2023,Nuclear,31.287641955,0.391946881559904
BE,2023,others,1.69016231,0.021173019292645
BE,2024,Renewable,24.763690126521,0.341950697290098
BE,2024,Non-Renewable,17.885318012051,0.246970339809175
BE,2024,Nuclear,29.7323938575,0.410561300021577
BE,2024,others,0.037488571396,0.000517662879149941
BE,2025,Renewable,25.825264056927,0.375288357857702
BE,2025,others,1.719733974416,0.0249908824857714
BE,2025,Non-Renewable,18.642288238937,0.270906571351166
BE,2025,Nuclear,22.6271693775,0.32881418830536
BE,2026,Renewable,21.511380886499,0.4934960714821
BE,2026,others,2.568922362697,0.0589340638159195
BE,2026,Non-Renewable,14.951063056915,0.342994758077082
BE,2026,Nuclear,4.55840498,0.104575106624899
BG,2019,Renewable,6.129844,0.139797079261374
BG,2019,Non-Renewable,21.159927,0.482572801523804
BG,2019,Nuclear,16.558384,0.377630119214822
BG,2019,others,0,0
BG,2020,Renewable,6.452327,0.161076000053523
BG,2020,Non-Renewable,17.127193,0.427563534920765
BG,2020,Nuclear,16.478136,0.411360465025712
BG,2020,others,0,0
BG,2021,Renewable,8.161929,0.174008023583601
BG,2021,Non-Renewable,22.256334,0.474493308083971
BG,2021,Nuclear,16.487212,0.351498668332428
BG,2021,others,0,0
BG,2022,Renewable,7.07766776,0.141705467148221
BG,2022,Non-Renewable,26.40715989,0.528710735677458
BG,2022,Nuclear,16.46150048,0.329583797174321
BG,2022,others,0,0
BG,2023,Renewable,7.81336423,0.196877624157743
BG,2023,Non-Renewable,15.70652132,0.395765832775536
BG,2023,Nuclear,16.16651489,0.407356543066721
BG,2023,others,0,0
BG,2024,Renewable,9.31420537,0.253769173322846
BG,2024,Non-Renewable,11.86980848,0.323397580986569
BG,2024,Nuclear,15.5194409,0.422833245690585
BG,2024,others,0,0
BG,2025,Renewable,10.593507092415,0.288623374183179
BG,2025,Non-Renewable,11.513241296654,0.313681816780458
BG,2025,Nuclear,14.5968177112,0.397694809036363
BG,2025,others,0,0
BG,2026,Renewable,11.219927253402,0.370697638662594
BG,2026,Non-Renewable,7.58336104198,0.250548329583468
BG,2026,Nuclear,11.2370253264,0.371262545648432
BG,2026,others,0.226745251,0.00749148610550671
CH,2019,Renewable,21.98685314,0.460838528700121
CH,2019,Nuclear,25.7236827,0.539161471299879
CH,2019,Non-Renewable,0,0
CH,2019,others,0,0
CH,2020,Renewable,23.33500212,0.499182931846674
CH,2020,Nuclear,23.4113921,0.500817068153327
CH,2020,Non-Renewable,0,0
CH,2020,others,0,0
CH,2021,Renewable,22.06287196,0.540864810014258
CH,2021,Nuclear,18.7289702,0.459135189985742
CH,2021,Non-Renewable,0,0
CH,2021,others,0,0
CH,2022,Renewable,18.87441686,0.444574761544235
CH,2022,Nuclear,23.5805727,0.555425238455765
CH,2022,Non-Renewable,0,0
CH,2022,others,0,0
CH,2023,Renewable,23.74152521,0.499757971859094
CH,2023,Nuclear,23.76452081,0.500242028140906
CH,2023,Non-Renewable,0,0
CH,2023,others,0,0
CH,2024,Renewable,30.2433509,0.568460607570182
CH,2024,Nuclear,22.958842,0.431539392429819
CH,2024,Non-Renewable,0,0
CH,2024,others,0,0
CH,2025,Renewable,37.628246776797,0.671299826060915
CH,2025,Nuclear,18.42457093,0.328700173939085
CH,2025,Non-Renewable,0,0
CH,2025,others,0,0
CH,2026,Renewable,27.715359819146,0.665638379713021
CH,2026,Nuclear,13.92190249,0.334361620286979
CH,2026,Non-Renewable,0,0
CH,2026,others,0,0
CY,2019,Non-Renewable,3.824779805,0.948542555725408
CY,2019,Renewable,0.207490315,0.0514574442745914
CY,2019,others,0,0
CY,2019,Nuclear,0,0
CY,2020,Non-Renewable,3.71578346,0.948315448674216
CY,2020,Renewable,0.202515525,0.051684551325784
CY,2020,others,0,0
CY,2020,Nuclear,0,0
CY,2021,Non-Renewable,4.240804555,0.947176869538647
CY,2021,Renewable,0.236505535,0.0528231304613525
CY,2021,others,0,0
CY,2021,Nuclear,0,0
CY,2022,Non-Renewable,1.80341292,0.940291865619886
CY,2022,Renewable,0.114515955,0.0597081343801136
CY,2022,others,0,0
CY,2022,Nuclear,0,0
CY,2025,Renewable,1.054298487611,0.257726825713844
CY,2025,Non-Renewable,3.03646111683,0.742273174286156
CY,2025,others,0,0
CY,2025,Nuclear,0,0
CY,2026,Renewable,0.52125806066,0.139680125592178
CY,2026,Non-Renewable,3.210540278224,0.860319874407822
CY,2026,others,0,0
CY,2026,Nuclear,0,0
CZ,2019,Renewable,10.34285361,0.128024525140555
CZ,2019,Non-Renewable,40.8867368100001,0.506098728844633
CZ,2019,Nuclear,28.57467726,0.353699242510706
CZ,2019,others,0.98379694,0.0121775035041061
CZ,2020,Renewable,10.95267843,0.14384820274977
CZ,2020,Non-Renewable,35.94661911,0.472108862407642
CZ,2020,Nuclear,28.35189012,0.372362656713272
CZ,2020,others,0.88934257,0.0116802781293161
CZ,2021,Renewable,11.25777879,0.142008979695614
CZ,2021,Non-Renewable,38.84331469,0.489981157919213
CZ,2021,Nuclear,29.05590951,0.366519909532099
CZ,2021,others,0.11811619,0.00148995285307372
CZ,2022,Renewable,10.83014661,0.136902802272536
CZ,2022,Non-Renewable,38.82873638,0.490830180841253
CZ,2022,Nuclear,29.31915925,0.370620565551121
CZ,2022,others,0.13024795,0.00164645133508984
CZ,2023,Renewable,11.45692568,0.160116008427249
CZ,2023,Non-Renewable,30.72061233,0.429335230070249
CZ,2023,Nuclear,28.71570709,0.401315721759737
CZ,2023,others,0.66066005,0.00923303974276518
CZ,2024,Renewable,12.698067835,0.184732505498254
CZ,2024,Non-Renewable,27.38816209,0.398445170526844
CZ,2024,Nuclear,28.0402710675,0.407932104038054
CZ,2024,others,0.6110923225,0.00889021993684855
CZ,2025,Renewable,13.1567573025,0.184190436454235
CZ,2025,Non-Renewable,27.6981923575,0.38776592301751
CZ,2025,Nuclear,30.2886016075,0.424030832324755
CZ,2025,others,0.28663564,0.00401280820350064
CZ,2026,Renewable,10.7879565775,0.196738172799899
CZ,2026,Non-Renewable,21.8531939425,0.398533069279892
CZ,2026,Nuclear,21.8426556925,0.398340884964483
CZ,2026,others,0.3502731325,0.00638787295572492
DE,2019,Renewable,231.921237135,0.443181738962943
DE,2019,Non-Renewable,217.01888234,0.414704607699425
DE,2019,Nuclear,71.0412017549999,0.135753688281127
DE,2019,others,3.3282304625,0.00635996505650577
DE,2020,Renewable,244.0788550725,0.484641002461307
DE,2020,Non-Renewable,195.52644199,0.388235723350878
DE,2020,Nuclear,60.9239238575,0.120970050942777
DE,2020,others,3.098936485,0.00615322324503779
DE,2021,Renewable,222.6536477875,0.435461969704682
DE,2021,Non-Renewable,220.357668335,0.430971534696219
DE,2021,Nuclear,65.4011293975,0.127910343761927
DE,2021,others,2.8920156675,0.00565615183717216
DE,2022,Renewable,243.4487887,0.486912334975201
DE,2022,Non-Renewable,221.409238025,0.442831897613926
DE,2022,Nuclear,32.8235398825,0.0656490694888379
DE,2022,others,2.30327915,0.00460669792203487
DE,2023,Renewable,261.7711914425,0.577158668807843
DE,2023,Non-Renewable,183.2527081075,0.404039453248961
DE,2023,Nuclear,6.7382763575,0.0148566944709358
DE,2023,others,1.78934396,0.00394518347226074
DE,2024,Renewable,266.57370814,0.609094113227551
DE,2024,Non-Renewable,169.61247067,0.38754743720195
DE,2024,others,1.4698456875,0.00335844957049916
DE,2024,Nuclear,0,0
DE,2025,Renewable,267.649330461794,0.611212698412653
DE,2025,Non-Renewable,168.459884640727,0.384700460441618
DE,2025,others,1.78962298918,0.00408684114572881
DE,2025,Nuclear,0,0
DE,2026,Renewable,216.697893318679,0.637620076530883
DE,2026,Non-Renewable,121.862212085551,0.358571981509495
DE,2026,others,1.294145261265,0.00380794195962191
DE,2026,Nuclear,0,0
DK,2019,Renewable,20.60628516,0.719992119036054
DK,2019,Non-Renewable,8.01386861,0.280007880963946
DK,2019,others,0,0
DK,2019,Nuclear,0,0
DK,2020,Renewable,20.7090599,0.742183056087537
DK,2020,Non-Renewable,7.19384051,0.257816943912463
DK,2020,others,0,0
DK,2020,Nuclear,0,0
DK,2021,Renewable,22.36454882,0.685674789401432
DK,2021,Non-Renewable,10.2522969,0.314325210598568
DK,2021,others,0,0
DK,2021,Nuclear,0,0
DK,2022,Renewable,25.19311555,0.740120134328477
DK,2022,Non-Renewable,8.84610914,0.259879865671523
DK,2022,others,0,0
DK,2022,Nuclear,0,0
DK,2023,Renewable,26.2437818,0.801546989021778
DK,2023,Non-Renewable,6.49763219,0.198453010978223
DK,2023,others,0,0
DK,2023,Nuclear,0,0
DK,2024,Renewable,28.14951783,0.816494950220721
DK,2024,Non-Renewable,6.32652862000001,0.18350504977928
DK,2024,others,0,0
DK,2024,Nuclear,0,0
DK,2025,Renewable,29.192947084087,0.865501852789189
DK,2025,Non-Renewable,4.53655562004825,0.134498147210812
DK,2025,others,0,0
DK,2025,Nuclear,0,0
DK,2026,Renewable,24.7123070581005,0.90131886743166
DK,2026,Non-Renewable,2.7056334189685,0.0986811325683399
DK,2026,others,0,0
DK,2026,Nuclear,0,0
EE,2019,Renewable,1.3629641,0.226141471260412
EE,2019,Non-Renewable,4.6640777,0.773858528739588
EE,2019,others,0,0
EE,2019,Nuclear,0,0
EE,2020,Renewable,1.6386464,0.366450917138996
EE,2020,Non-Renewable,2.8330204,0.633549082861004
EE,2020,others,0,0
EE,2020,Nuclear,0,0
EE,2021,Renewable,1.6327722,0.274749609794391
EE,2021,Non-Renewable,4.3099922,0.725250390205609
EE,2021,others,0,0
EE,2021,Nuclear,0,0
EE,2022,Renewable,2.4933215,0.347498324230158
EE,2022,Non-Renewable,4.681739,0.652501675769842
EE,2022,others,0,0
EE,2022,Nuclear,0,0
EE,2023,Renewable,2.0025313,0.432965567354184
EE,2023,Non-Renewable,2.6226201,0.567034432645816
EE,2023,others,0,0
EE,2023,Nuclear,0,0
EE,2024,Renewable,2.6080265,0.528950293192262
EE,2024,Non-Renewable,2.3225436,0.471049706807738
EE,2024,others,0,0
EE,2024,Nuclear,0,0
EE,2025,Renewable,2.7984507907625,0.581354177305289
EE,2025,Non-Renewable,2.01522545,0.418645822694711
EE,2025,others,0,0
EE,2025,Nuclear,0,0
EE,2026,Renewable,2.32112449975,0.623077172801875
EE,2026,Non-Renewable,1.373901825,0.368806957541716
EE,2026,others,0.030233725,0.00811586965640935
EE,2026,Nuclear,0,0
ES,2019,Renewable,97.219573,0.394644036639576
ES,2019,Non-Renewable,92.811303,0.376749517936051
ES,2019,Nuclear,55.93001,0.227037048554943
ES,2019,others,0.386617,0.0015693968694296
ES,2020,Renewable,111.598494,0.467559943334322
ES,2020,Non-Renewable,70.838348,0.296788718105613
ES,2020,Nuclear,55.814401,0.233843461801547
ES,2020,others,0.431509,0.00180787675851835
ES,2021,Renewable,122.081333,0.493633020350179
ES,2021,Non-Renewable,70.558113,0.285300082940602
ES,2021,Nuclear,54.202661,0.219167194549283
ES,2021,others,0.469819,0.00189970215993547
ES,2022,Renewable,117.0832866,0.446790161185375
ES,2022,Non-Renewable,88.5485213999999,0.337901414436658
ES,2022,Nuclear,56.1616902,0.214313172661666
ES,2022,others,0.26081,0.000995251716300538
ES,2023,Renewable,136.445534,0.541746288673271
ES,2023,Non-Renewable,60.948213,0.241990098364216
ES,2023,Nuclear,54.372631,0.215882265883845
ES,2023,others,0.096047,0.000381347078668047
ES,2024,Renewable,150.322906,0.600338241247193
ES,2024,Non-Renewable,47.55782,0.189929657269602
ES,2024,Nuclear,52.323955,0.208963969335434
ES,2024,others,0.192338,0.000768132147771296
ES,2025,Renewable,151.725481,0.585745033625577
ES,2025,Non-Renewable,55.331374,0.213609983705897
ES,2025,Nuclear,51.910852,0.200404859815685
ES,2025,others,0.062199,0.000240122852841555
ES,2026,Renewable,122.690663,0.608231715667641
ES,2026,others,0.075416,0.000373870365903808
ES,2026,Non-Renewable,39.376822,0.195208269455674
ES,2026,Nuclear,39.574076,0.196186144510781
FI,2019,Renewable,23.27265465,0.386889941879527
FI,2019,Non-Renewable,13.14046941,0.218450173508874
FI,2019,Nuclear,22.8972116,0.380648490615025
FI,2019,others,0.842829699999999,0.0140113939965735
FI,2020,Renewable,27.8022616,0.456849815572663
FI,2020,Non-Renewable,10.09168465,0.165827670334919
FI,2020,Nuclear,22.3207747,0.366777420910749
FI,2020,others,0.64173702,0.0105450931816694
FI,2021,Renewable,28.98069729,0.454725412012464
FI,2021,Non-Renewable,11.45184353,0.179686645057998
FI,2021,Nuclear,22.60829684,0.354738431328788
FI,2021,others,0.69146435,0.01084951160075
FI,2022,Renewable,29.44702692,0.463027406264433
FI,2022,Non-Renewable,9.43772657,0.148399567352317
FI,2022,Nuclear,24.101125,0.37896801694522
FI,2022,others,0.61084715,0.00960500943802992
FI,2023,Renewable,34.5177014025,0.466520712497586
FI,2023,Non-Renewable,6.16066593749999,0.0832638949247631
FI,2023,Nuclear,32.67584965,0.441627340199366
FI,2023,others,0.6354269375,0.00858805237828464
FI,2024,Renewable,40.680144155,0.52400429323118
FI,2024,Non-Renewable,4.4163748025,0.0568876882100126
FI,2024,Nuclear,31.061185275,0.400101690272614
FI,2024,others,1.475522595,0.0190063282861936
FI,2025,Renewable,43.552138329055,0.548685450511112
FI,2025,Non-Renewable,2.75845509458175,0.0347520060863587
FI,2025,Nuclear,31.266619325,0.393908078190779
FI,2025,others,1.79820770125,0.0226544652117501
FI,2026,Renewable,31.9908463551128,0.534496236382425
FI,2026,others,1.605069932275,0.0268171660233201
FI,2026,Non-Renewable,2.51895686645225,0.0420861939625808
FI,2026,Nuclear,23.73745915,0.396600403631674
FR,2019,Renewable,106.382691,0.201813229111762
FR,2019,Non-Renewable,42.840678,0.0812708861117003
FR,2019,Nuclear,377.911009,0.716915884776538
FR,2019,others,0,0
FR,2020,Renewable,117.731105,0.239708085976223
FR,2020,Non-Renewable,39.172672,0.0797580743652611
FR,2020,Nuclear,334.239876,0.680533839658516
FR,2020,others,0,0
FR,2021,Renewable,112.843338,0.22026514848999
FR,2021,Non-Renewable,39.946485,0.0779737519832867
FR,2021,Nuclear,359.516998,0.701761099526723
FR,2021,others,0,0
FR,2022,Renewable,106.606839,0.246101881997655
FR,2022,Non-Renewable,48.580374,0.112147790720537
FR,2022,Nuclear,277.994517,0.641750327281809
FR,2022,others,0,0
FR,2023,Renewable,128.386557,0.268233597226084
FR,2023,Non-Renewable,31.39188,0.0655859701579937
FR,2023,Nuclear,318.858685,0.666180432615923
FR,2023,others,0,0
FR,2024,Renewable,142.5477271525,0.27218539072472
FR,2024,Non-Renewable,21.0723998625,0.0402363440277519
FR,2024,Nuclear,360.095443365,0.687578265247528
FR,2024,others,0,0
FR,2025,Renewable,141.485807255,0.264999074868593
FR,2025,Non-Renewable,20.9109910525,0.0391657183925922
FR,2025,Nuclear,371.46433004,0.695742602859573
FR,2025,others,0.04944219,9.26038792418464e-05
FR,2026,Renewable,108.8417509,0.277456549100636
FR,2026,others,0.2178577,0.0005553571597037
FR,2026,Non-Renewable,15.2460550075,0.038864845289616
FR,2026,Nuclear,267.9782859075,0.683123248450045
GE,2021,Non-Renewable,0.11287997,0.523375384510384
GE,2021,Renewable,0.10279691,0.476624615489616
GE,2021,others,0,0
GE,2021,Nuclear,0,0
GE,2022,Non-Renewable,3.38122221,0.254024668070404
GE,2022,Renewable,9.92938354999999,0.745975331929596
GE,2022,others,0,0
GE,2022,Nuclear,0,0
GE,2023,Non-Renewable,3.40526065,0.262641871074752
GE,2023,Renewable,9.56015357,0.737358128925248
GE,2023,others,0,0
GE,2023,Nuclear,0,0
GE,2024,Non-Renewable,2.68598565,0.217537316197065
GE,2024,Renewable,9.66125526,0.782462683802936
GE,2024,others,0,0
GE,2024,Nuclear,0,0
GE,2025,Non-Renewable,2.772767733162,0.221278119815259
GE,2025,Renewable,9.757923215753,0.778721880184741
GE,2025,others,0,0
GE,2025,Nuclear,0,0
GE,2026,Non-Renewable,1.666439005997,0.19669227952124
GE,2026,Renewable,6.805876277822,0.80330772047876
GE,2026,others,0,0
GE,2026,Nuclear,0,0
GR,2019,Non-Renewable,27.979885,0.686881451734697
GR,2019,Renewable,12.75477879,0.313118548265303
GR,2019,others,0,0
GR,2019,Nuclear,0,0
GR,2020,Non-Renewable,24.75478,0.633241561886934
GR,2020,Renewable,14.33737928,0.366758438113066
GR,2020,others,0,0
GR,2020,Nuclear,0,0
GR,2021,Non-Renewable,27.437708,0.59061532017081
GR,2021,Renewable,19.018432,0.40938467982919
GR,2021,others,0,0
GR,2021,Nuclear,0,0
GR,2022,Non-Renewable,24.625445,0.555647165168726
GR,2022,Renewable,19.693048,0.444352834831275
GR,2022,others,0,0
GR,2022,Nuclear,0,0
GR,2023,Non-Renewable,20.132001,0.476389000895039
GR,2023,Renewable,22.127583,0.523610999104961
GR,2023,others,0,0
GR,2023,Nuclear,0,0
GR,2024,Non-Renewable,24.356501,0.485269574096048
GR,2024,Renewable,25.835191,0.514730425903952
GR,2024,others,0,0
GR,2024,Nuclear,0,0
GR,2025,Non-Renewable,25.62423,0.502047750221652
GR,2025,Renewable,25.415198,0.497952249778348
GR,2025,others,0,0
GR,2025,Nuclear,0,0
GR,2026,Non-Renewable,18.264335,0.421744774668503
GR,2026,Renewable,24.91311,0.57527273581226
GR,2026,others,0.1291615,0.00298248951923767
GR,2026,Nuclear,0,0
HR,2019,Renewable,8.17193406,0.687659223121024
HR,2019,Non-Renewable,3.71176325,0.312340776878976
HR,2019,others,0,0
HR,2019,Nuclear,0,0
HR,2020,Renewable,8.003983,0.661284249788445
HR,2020,Non-Renewable,4.0997122,0.338715750211555
HR,2020,others,0,0
HR,2020,Nuclear,0,0
HR,2021,Renewable,9.91296519999999,0.710435443917142
HR,2021,Non-Renewable,4.0404,0.289564556082858
HR,2021,others,0,0
HR,2021,Nuclear,0,0
HR,2022,Renewable,8.3096432,0.640504241387694
HR,2022,Non-Renewable,4.6639527,0.359495758612306
HR,2022,others,0,0
HR,2022,Nuclear,0,0
HR,2023,Renewable,10.9694793,0.696807795470534
HR,2023,Non-Renewable,4.7729957,0.303192204529466
HR,2023,others,0,0
HR,2023,Nuclear,0,0
HR,2024,Renewable,9.7790703,0.726698871751449
HR,2024,Non-Renewable,3.6777695,0.273301128248551
HR,2024,others,0,0
HR,2024,Nuclear,0,0
HR,2025,Renewable,9.5187585,0.754767310253155
HR,2025,Non-Renewable,3.0927555,0.245232689746846
HR,2025,others,0,0
HR,2025,Nuclear,0,0
HR,2026,Renewable,7.2881377,0.765198563805709
HR,2026,others,0.0110426,0.00115938831132141
HR,2026,Non-Renewable,2.2253249,0.23364204788297
HR,2026,Nuclear,0,0
HU,2019,Renewable,2.1746254025,0.0725731316776231
HU,2019,Non-Renewable,11.72328276,0.391237655210591
HU,2019,Nuclear,15.35842116,0.512552056056961
HU,2019,others,0.7082781325,0.0236371570548245
HU,2020,Renewable,3.58457886,0.11507731035637
HU,2020,Non-Renewable,11.9098587675,0.382347429702838
HU,2020,Nuclear,15.13111144,0.485760719801181
HU,2020,others,0.52376133,0.0168145401396121
HU,2021,Renewable,4.4444238925,0.139319171286352
HU,2021,Non-Renewable,11.7772203,0.369180035914587
HU,2021,Nuclear,15.088102935,0.472966136451254
HU,2021,others,0.5912744725,0.018534656347808
HU,2022,Renewable,5.04251489249999,0.160458675326352
HU,2022,Non-Renewable,10.9013095775,0.346892320879374
HU,2022,Nuclear,14.92468451,0.474920780045735
HU,2022,others,0.5571205925,0.0177282237485395
HU,2023,Renewable,6.0205358675,0.194736566219536
HU,2023,Non-Renewable,9.39522468,0.303892183903551
HU,2023,Nuclear,15.03374898,0.486272437902995
HU,2023,others,0.4667995375,0.0150988119739189
HU,2024,Renewable,7.56500952500001,0.234046440139403
HU,2024,Non-Renewable,9.1753232525,0.283866363588737
HU,2024,Nuclear,15.1415510975,0.468449659031822
HU,2024,others,0.440801829999999,0.0136375372400386
HU,2025,Renewable,9.21908236472,0.271576400557432
HU,2025,Non-Renewable,9.099472294,0.268052918372169
HU,2025,Nuclear,15.209899109,0.448054317062104
HU,2025,others,0.4180980895,0.0123163640082955
HU,2026,Renewable,8.03870169397999,0.326565492874877
HU,2026,Non-Renewable,5.7106563555,0.231990609723644
HU,2026,Nuclear,10.382828946,0.421793690232993
HU,2026,others,0.483707425,0.0196502071684856
IE,2019,Non-Renewable,13.38448448,0.558475750011296
IE,2019,Renewable,10.57332183,0.441178279816726
IE,2019,others,0.008291555,0.000345970171978182
IE,2019,Nuclear,0,0
IE,2020,Non-Renewable,12.491194205,0.50834393355138
IE,2020,Renewable,12.06184545,0.490871077761922
IE,2020,others,0.019289,0.000784988686697997
IE,2020,Nuclear,0,0
IE,2021,Non-Renewable,13.07580394,0.553123502649655
IE,2021,Renewable,10.47067713,0.442923252431332
IE,2021,others,0.0934544549999999,0.00395324491901295
IE,2021,Nuclear,0,0
IE,2022,Non-Renewable,14.088416365,0.545537276581171
IE,2022,Renewable,11.65117004,0.451161252473797
IE,2022,others,0.08525998,0.0033014709450323
IE,2022,Nuclear,0,0
IE,2023,Non-Renewable,12.336484195,0.497582359412595
IE,2023,Renewable,12.447430475,0.502057290105801
IE,2023,others,0.008934115,0.000360350481603601
IE,2023,Nuclear,0,0
IE,2024,Non-Renewable,11.2703710645,0.487703520509496
IE,2024,Renewable,11.804433102,0.510814022760806
IE,2024,others,0.034258185,0.00148245672969835
IE,2024,Nuclear,0,0
IE,2025,Non-Renewable,11.0768354635,0.474750291702177
IE,2025,Renewable,12.2186737965,0.52368918615942
IE,2025,others,0.0364099765,0.00156052213840347
IE,2025,Nuclear,0,0
IE,2026,Non-Renewable,7.40736403650001,0.452788970917419
IE,2026,Renewable,8.93762748799999,0.546329184416175
IE,2026,others,0.0144264655,0.000881844666406742
IE,2026,Nuclear,0,0
IS,2020,Non-Renewable,0,0
IS,2020,Renewable,17.9554023,1
IS,2020,others,0,0
IS,2020,Nuclear,0,0
IS,2021,Non-Renewable,0,0
IS,2021,Renewable,17.052009,1
IS,2021,others,0,0
IS,2021,Nuclear,0,0
IS,2022,Non-Renewable,0,0
IS,2022,Renewable,13.6281147,1
IS,2022,others,0,0
IS,2022,Nuclear,0,0
IS,2023,Non-Renewable,0,0
IS,2023,Renewable,15.4748073,1
IS,2023,others,0,0
IS,2023,Nuclear,0,0
IS,2024,Non-Renewable,0,0
IS,2024,Renewable,18.1163028,1
IS,2024,others,0,0
IS,2024,Nuclear,0,0
IS,2025,Non-Renewable,0,0
IS,2025,Renewable,16.6363987,1
IS,2025,others,0,0
IS,2025,Nuclear,0,0
IS,2026,Non-Renewable,0,0
IS,2026,Renewable,12.4370298,1
IS,2026,others,0,0
IS,2026,Nuclear,0,0
IT,2019,Renewable,95.581933,0.370006787191676
IT,2019,Non-Renewable,137.400229,0.531889403112306
IT,2019,others,25.342648,0.098103809696018
IT,2019,Nuclear,0,0
IT,2020,Renewable,97.662149,0.398991917584579
IT,2020,Non-Renewable,128.948609,0.526810574020587
IT,2020,others,18.161491,0.0741975083948344
IT,2020,Nuclear,0,0
IT,2021,Renewable,97.65651,0.389142414310038
IT,2021,Non-Renewable,135.7147,0.540796983379423
IT,2021,others,17.581928,0.0700606023105398
IT,2021,Nuclear,0,0
IT,2022,Renewable,83.091837,0.334927477369194
IT,2022,Non-Renewable,146.977125,0.592436988813073
IT,2022,others,18.02008,0.0726355338177331
IT,2022,Nuclear,0,0
IT,2023,Renewable,96.7892369999999,0.421298105563878
IT,2023,Non-Renewable,116.632099,0.507668867734113
IT,2023,others,16.319163,0.0710330267020096
IT,2023,Nuclear,0,0
IT,2024,Renewable,111.12451775,0.477009989552213
IT,2024,Non-Renewable,106.06707425,0.455300549367975
IT,2024,others,15.76897525,0.0676894610798128
IT,2024,Nuclear,0,0
IT,2025,Renewable,95.45784975,0.431216972052384
IT,2025,others,16.355482,0.0738835144827602
IT,2025,Non-Renewable,109.55515775,0.494899513464856
IT,2025,Nuclear,0,0
IT,2026,Renewable,75.4437945000001,0.436348201474846
IT,2026,others,12.904924,0.0746388807043575
IT,2026,Non-Renewable,84.5494262500001,0.489012917820797
IT,2026,Nuclear,0,0
LT,2019,Renewable,2.85086702,0.802068248720255
LT,2019,Non-Renewable,0.54691998,0.153871488031987
LT,2019,others,0.15660756,0.0440602632477583
LT,2019,Nuclear,0,0
LT,2020,Renewable,3.01717904,0.623774224843553
LT,2020,Non-Renewable,1.67887216,0.347091493852954
LT,2020,others,0.14092173,0.0291342813034929
LT,2020,Nuclear,0,0
LT,2021,Renewable,2.81666704,0.669777921827306
LT,2021,Non-Renewable,1.25626242,0.298727830087202
LT,2021,others,0.13244511,0.0314942480854922
LT,2021,Nuclear,0,0
LT,2022,Renewable,3.14302145,0.775460446544234
LT,2022,Non-Renewable,0.85185604,0.210173769310357
LT,2022,others,0.0582260100000005,0.0143657841454087
LT,2022,Nuclear,0,0
LT,2023,Renewable,4.27133654,0.782580890342099
LT,2023,Non-Renewable,1.05806174,0.193854755009801
LT,2023,others,0.12861455,0.0235643546481
LT,2023,Nuclear,0,0
LT,2024,Renewable,5.87904443,0.76666277994787
LT,2024,Non-Renewable,1.5092841275,0.196819734686092
LT,2024,others,0.28002914,0.0365174853660379
LT,2024,Nuclear,0,0
LT,2025,Renewable,6.42120852156475,0.710863559715784
LT,2025,Non-Renewable,2.1604284261875,0.239171463812948
LT,2025,others,0.451332085197,0.0499649764712679
LT,2025,Nuclear,0,0
LT,2026,Renewable,6.72150786862326,0.814491717366881
LT,2026,others,0.46747956050575,0.0566477399881751
LT,2026,Non-Renewable,1.06340817576775,0.128860542644944
LT,2026,Nuclear,0,0
LU,2019,Renewable,0.676890310000001,0.654548238606411
LU,2019,Non-Renewable,0.357243265,0.345451761393589
LU,2019,others,0,0
LU,2019,Nuclear,0,0
LU,2020,Renewable,0.8419027075,0.727611983744661
LU,2020,Non-Renewable,0.315173765,0.272388016255339
LU,2020,others,0,0
LU,2020,Nuclear,0,0
LU,2021,Renewable,0.8805764725,0.736947468763751
LU,2021,Non-Renewable,0.314320735,0.263052531236249
LU,2021,others,0,0
LU,2021,Nuclear,0,0
LU,2022,Renewable,0.9138342525,0.80126203465997
LU,2022,Non-Renewable,0.226659385,0.19873796534003
LU,2022,others,0,0
LU,2022,Nuclear,0,0
LU,2023,Renewable,0.993389765,0.864238696835546
LU,2023,Non-Renewable,0.1560493525,0.135761303164454
LU,2023,others,0,0
LU,2023,Nuclear,0,0
LU,2024,Renewable,1.12310292,0.876321352040716
LU,2024,Non-Renewable,0.1585078925,0.123678647959285
LU,2024,others,0,0
LU,2024,Nuclear,0,0
LU,2025,Renewable,1.1955541005,0.885255063360639
LU,2025,Non-Renewable,0.15496525825,0.114744936639362
LU,2025,others,0,0
LU,2025,Nuclear,0,0
LU,2026,Renewable,0.94755157675,0.906996690432447
LU,2026,Non-Renewable,0.0971618017499999,0.0930033095675532
LU,2026,others,0,0
LU,2026,Nuclear,0,0
LV,2019,Renewable,2.755696,0.449740375212328
LV,2019,Non-Renewable,2.754019,0.4494666822472
LV,2019,others,0.617589,0.100792942540471
LV,2019,Nuclear,0,0
LV,2020,Renewable,3.192971,0.585665070639956
LV,2020,Non-Renewable,1.692533,0.310449878500449
LV,2020,others,0.566368,0.103885050859595
LV,2020,Nuclear,0,0
LV,2021,Renewable,3.255935,0.585751314818473
LV,2021,Non-Renewable,1.82335,0.328025485728143
LV,2021,others,0.479277,0.0862231994533838
LV,2021,Nuclear,0,0
LV,2022,Renewable,3.155947,0.700832841454115
LV,2022,Non-Renewable,1.098912,0.244032494673714
LV,2022,others,0.248279,0.055134663872171
LV,2022,Nuclear,0,0
LV,2023,Renewable,4.185032,0.73549124991784
LV,2023,Non-Renewable,1.353624,0.237890321430944
LV,2023,others,0.151462,0.026618428651216
LV,2023,Nuclear,0,0
LV,2024,Renewable,4.30094999,0.728552382175304
LV,2024,Non-Renewable,1.60246903,0.271447617824696
LV,2024,others,0,0
LV,2024,Nuclear,0,0
LV,2025,Renewable,4.219108481009,0.72767451781248
LV,2025,Non-Renewable,1.572716134734,0.271248170116921
LV,2025,others,0.006246331818,0.00107731207059954
LV,2025,Nuclear,0,0
LV,2026,Renewable,3.922845043126,0.764614454904511
LV,2026,others,0.057725577865,0.0112514796705104
LV,2026,Non-Renewable,1.149917062002,0.224134065424979
LV,2026,Nuclear,0,0
MD,2020,Renewable,0.282662,0.0537046973133022
MD,2020,Non-Renewable,4.980602,0.946295302686698
MD,2020,others,0,0
MD,2020,Nuclear,0,0
MD,2021,Renewable,0.325462,0.0564905990750776
MD,2021,Non-Renewable,5.435886,0.943509400924922
MD,2021,others,0,0
MD,2021,Nuclear,0,0
MD,2022,Renewable,0.287287,0.0612782326157007
MD,2022,Non-Renewable,4.400952,0.938721767384299
MD,2022,others,0,0
MD,2022,Nuclear,0,0
MD,2023,Renewable,0.37596,0.0701784645296917
MD,2023,Non-Renewable,4.98123900000001,0.929821535470308
MD,2023,others,0,0
MD,2023,Nuclear,0,0
MD,2024,Renewable,0.340593,0.0639921434220041
MD,2024,Non-Renewable,4.981826,0.936007856577996
MD,2024,others,0,0
MD,2024,Nuclear,0,0
MD,2025,Renewable,0.518272,0.231341478112208
MD,2025,Non-Renewable,1.722018,0.768658521887792
MD,2025,others,0,0
MD,2025,Nuclear,0,0
MD,2026,Renewable,0.38029,0.269799344319982
MD,2026,Non-Renewable,1.029239,0.730200655680018
MD,2026,others,0,0
MD,2026,Nuclear,0,0
ME,2019,Non-Renewable,1.3849406,0.421760042381241
ME,2019,Renewable,1.89877635,0.578239957618759
ME,2019,others,0,0
ME,2019,Nuclear,0,0
ME,2020,Non-Renewable,1.48229563,0.478941931019558
ME,2020,Renewable,1.61264247,0.521058068980443
ME,2020,others,0,0
ME,2020,Nuclear,0,0
ME,2021,Non-Renewable,1.33263005,0.382884684878946
ME,2021,Renewable,2.1478697,0.617115315121054
ME,2021,others,0,0
ME,2021,Nuclear,0,0
ME,2022,Non-Renewable,1.43484924,0.478511470334714
ME,2022,Renewable,1.56371888,0.521488529665286
ME,2022,others,0,0
ME,2022,Nuclear,0,0
ME,2023,Renewable,2.05764577,0.601366760858044
ME,2023,Non-Renewable,1.36396963,0.398633239141956
ME,2023,others,0,0
ME,2023,Nuclear,0,0
ME,2024,Non-Renewable,1.33730063,0.414192531297298
ME,2024,Renewable,1.89139262,0.585807468702702
ME,2024,others,0,0
ME,2024,Nuclear,0,0
ME,2025,Non-Renewable,0.524934685,0.251110731627081
ME,2025,Renewable,1.56551633475,0.748889268372919
ME,2025,others,0,0
ME,2025,Nuclear,0,0
ME,2026,Non-Renewable,0.99469238,0.407456647159858
ME,2026,Renewable,1.44653023088,0.592543352840142
ME,2026,others,0,0
ME,2026,Nuclear,0,0
MK,2019,Non-Renewable,4.21014633,0.816002986211287
MK,2019,Renewable,0.94932784,0.183997013788713
MK,2019,others,0,0
MK,2019,Nuclear,0,0
MK,2020,Non-Renewable,3.57394358,0.772929263699485
MK,2020,Renewable,1.04995119,0.227070736300515
MK,2020,others,0,0
MK,2020,Nuclear,0,0
MK,2021,Non-Renewable,3.58452941,0.756595115539685
MK,2021,Renewable,1.15318213,0.243404884460315
MK,2021,others,0,0
MK,2021,Nuclear,0,0
MK,2022,Non-Renewable,3.87161027,0.784253989254141
MK,2022,Renewable,1.06506882,0.215746010745859
MK,2022,others,0,0
MK,2022,Nuclear,0,0
MK,2023,Non-Renewable,4.25330407,0.774307231216327
MK,2023,Renewable,1.23974042,0.225692768783673
MK,2023,others,0,0
MK,2023,Nuclear,0,0
MK,2024,Non-Renewable,3.428827928092,0.765162238417005
MK,2024,Renewable,1.05234973063,0.234837761582995
MK,2024,others,0,0
MK,2024,Nuclear,0,0
MK,2025,Non-Renewable,3.183226859829,0.772756540344565
MK,2025,Renewable,0.936087172,0.227243459655435
MK,2025,others,0,0
MK,2025,Nuclear,0,0
MK,2026,Non-Renewable,1.599353435673,0.581130298299486
MK,2026,Renewable,1.1527891395,0.418869701700514
MK,2026,others,0,0
MK,2026,Nuclear,0,0
NL,2019,Renewable,6.846550015,0.0626283403593025
NL,2019,Non-Renewable,63.6593081175,0.58231909605359
NL,2019,Nuclear,3.701307435,0.0338574524842052
NL,2019,others,35.1131513325,0.321195111102902
NL,2020,Renewable,10.274604055,0.0912295310131416
NL,2020,Non-Renewable,67.64335872,0.600614082951083
NL,2020,Nuclear,3.8657408125,0.0343244099193403
NL,2020,others,30.8399604925,0.273831976116435
NL,2021,Renewable,13.11839546,0.120366723405186
NL,2021,Non-Renewable,65.02055581,0.596590587674946
NL,2021,Nuclear,3.6184948025,0.033201191743584
NL,2021,others,27.22944905,0.249841497176284
NL,2022,Renewable,15.40676573,0.141105966861758
NL,2022,Non-Renewable,58.847880155,0.538970162366201
NL,2022,Nuclear,3.9306428825,0.0359995844710913
NL,2022,others,31.00049602,0.283924286300949
NL,2023,Renewable,20.6480527645,0.189798890862645
NL,2023,Non-Renewable,46.125887244,0.423993600695288
NL,2023,Nuclear,3.77117159725,0.0346649727494579
NL,2023,others,38.24400023075,0.351542535692609
NL,2024,Renewable,23.50774102275,0.221288290137934
NL,2024,Non-Renewable,42.38152316875,0.398955169123979
NL,2024,Nuclear,3.38428384425,0.0318576925154465
NL,2024,others,36.9577442215,0.347898848222641
NL,2025,Renewable,24.25232309325,0.205608778223407
NL,2025,Non-Renewable,50.89527203775,0.431485044166439
NL,2025,Nuclear,3.8041556785,0.0322512527241449
NL,2025,others,39.00198298925,0.330654924886009
NL,2026,Renewable,17.203356676,0.196945994092417
NL,2026,Non-Renewable,38.0016300485,0.435047005534404
NL,2026,Nuclear,2.2661285585,0.0259428988249501
NL,2026,others,29.8795147985,0.342064101548229
NO,2019,Non-Renewable,2.96161338,0.022203259379579
NO,2019,Renewable,130.23424376,0.97636805459955
NO,2019,others,0.19056732,0.00142868602087124
NO,2019,Nuclear,0,0
NO,2020,Non-Renewable,2.18825794,0.014327945000076
NO,2020,Renewable,150.27227163,0.98393009507422
NO,2020,others,0.26604357,0.00174195992570413
NO,2020,Nuclear,0,0
NO,2021,Non-Renewable,0.97439455,0.00628766352164513
NO,2021,Renewable,153.99486337,0.993712336478355
NO,2021,others,0,0
NO,2021,Nuclear,0,0
NO,2022,Renewable,143.59799719,0.989696132951729
NO,2022,Non-Renewable,1.49501915,0.0103038670482712
NO,2022,others,0,0
NO,2022,Nuclear,0,0
NO,2023,Renewable,150.65307812,0.988576610943831
NO,2023,Non-Renewable,1.74085519,0.011423389056169
NO,2023,others,0,0
NO,2023,Nuclear,0,0
NO,2024,Renewable,153.48757438,0.987554171971132
NO,2024,Non-Renewable,1.9343546,0.0124458280288679
NO,2024,others,0,0
NO,2024,Nuclear,0,0
NO,2025,Renewable,158.110902049406,0.991473665707814
NO,2025,Non-Renewable,1.35969965995,0.00852633429218591
NO,2025,others,0,0
NO,2025,Nuclear,0,0
NO,2026,Renewable,104.806773875238,0.98869297175946
NO,2026,Non-Renewable,1.1982678004965,0.0113038395213543
NO,2026,others,0.000338021388,3.18871918543938e-06
NO,2026,Nuclear,0,0
PL,2019,Renewable,19.07389042,0.13080490347413
PL,2019,Non-Renewable,126.74549336,0.86919509652587
PL,2019,others,0,0
PL,2019,Nuclear,0,0
PL,2020,Renewable,21.74715396,0.154080298389441
PL,2020,Non-Renewable,119.39453766,0.84591970161056
PL,2020,others,0,0
PL,2020,Nuclear,0,0
PL,2021,Renewable,24.64394713,0.152618676217518
PL,2021,Non-Renewable,136.83004636,0.847381323782482
PL,2021,others,0,0
PL,2021,Nuclear,0,0
PL,2022,Renewable,32.49198454,0.199729739642324
PL,2022,Non-Renewable,130.1877676,0.800270260357676
PL,2022,others,0,0
PL,2022,Nuclear,0,0
PL,2023,Renewable,41.03113158,0.267722590644369
PL,2023,Non-Renewable,112.22874642,0.732277409355631
PL,2023,others,0,0
PL,2023,Nuclear,0,0
PL,2024,Renewable,46.781208514,0.295232946465697
PL,2024,Non-Renewable,108.725722196,0.686160455023937
PL,2024,others,2.9483131035,0.0186065985103663
PL,2024,Nuclear,0,0
PL,2025,Renewable,47.024983746,0.295746512547431
PL,2025,Non-Renewable,106.78727194375,0.67159966354065
PL,2025,others,5.19210023975,0.0326538239119191
PL,2025,Nuclear,0,0
PL,2026,Renewable,39.179253653,0.316884130595388
PL,2026,Non-Renewable,80.6063474265,0.651948925595738
PL,2026,others,3.85345140125,0.0311669438088743
PL,2026,Nuclear,0,0
PT,2019,Renewable,27.2948332,0.557400749942314
PT,2019,Non-Renewable,21.3015389,0.435008841079321
PT,2019,others,0.3716876,0.00759040897836514
PT,2019,Nuclear,0,0
PT,2020,Renewable,30.4508745,0.614869225009182
PT,2020,Non-Renewable,18.8288563,0.380195461414096
PT,2020,others,0.2444172,0.00493531357672221
PT,2020,Nuclear,0,0
PT,2021,Renewable,31.3293646,0.668963772143927
PT,2021,Non-Renewable,15.2694086,0.326041760050981
PT,2021,others,0.2339043,0.00499446780509186
PT,2021,Nuclear,0,0
PT,2022,Renewable,27.4600099,0.622976754687979
PT,2022,Non-Renewable,16.4256493,0.372643627290057
PT,2022,others,0.1930479,0.00437961802196326
PT,2022,Nuclear,0,0
PT,2023,Renewable,34.1159716,0.77185823701717
PT,2023,Non-Renewable,9.89214039999999,0.223805147307319
PT,2023,others,0.1916775,0.00433661567551131
PT,2023,Nuclear,0,0
PT,2024,Renewable,40.6359231,0.887149482042986
PT,2024,Non-Renewable,4.9225405,0.107467209349813
PT,2024,others,0.2465827,0.00538330860720034
PT,2024,Nuclear,0,0
PT,2025,Renewable,41.0336776,0.837837625984258
PT,2025,Non-Renewable,7.7206985,0.157643479223033
PT,2025,others,0.221316,0.00451889479270881
PT,2025,Nuclear,0,0
PT,2026,Renewable,30.1426179,0.839936958703954
PT,2026,Non-Renewable,5.5728467,0.155289760300527
PT,2026,others,0.1712976,0.00477328099551984
PT,2026,Nuclear,0,0
RO,2019,Renewable,24.18997499,0.412454595686433
RO,2019,Non-Renewable,23.1758573,0.395163238337766
RO,2019,Nuclear,11.28298686,0.192382165975801
RO,2019,others,0,0
RO,2020,Renewable,24.11994342,0.435344144365718
RO,2020,Non-Renewable,19.79541939,0.357290221068857
RO,2020,Nuclear,11.48895061,0.207365634565425
RO,2020,others,0,0
RO,2021,Renewable,25.60748356,0.439250889182636
RO,2021,Non-Renewable,21.482358635,0.368491699313387
RO,2021,Nuclear,11.2082379925,0.192257411503976
RO,2021,others,0,0
RO,2022,Renewable,22.8975007025,0.41497693265113
RO,2022,Non-Renewable,21.1662591075,0.383601223306017
RO,2022,Nuclear,11.1140076775,0.201421844042852
RO,2022,others,0,0
RO,2023,Renewable,27.644990345,0.488312778939328
RO,2023,Non-Renewable,17.7582983075,0.31367723003518
RO,2023,Nuclear,11.2099959825,0.198009991025492
RO,2023,others,0,0
RO,2024,Renewable,23.11184625,0.451804413209592
RO,2024,Non-Renewable,17.2308491425,0.33683910846933
RO,2024,Nuclear,10.8118431075,0.211356478321078
RO,2024,others,0,0
RO,2025,Renewable,21.1799126725,0.444998087080748
RO,2025,Non-Renewable,16.1238745525,0.338768787347674
RO,2025,Nuclear,10.106812,0.212347995765078
RO,2025,others,0.18491475,0.00388512980650085
RO,2026,Renewable,18.26097175,0.528526468689769
RO,2026,others,0.3638875,0.0105319792401162
RO,2026,Non-Renewable,10.82488325,0.313304099936605
RO,2026,Nuclear,5.10098075,0.147637452133509
RS,2019,Renewable,10.351176,0.304237672742176
RS,2019,Non-Renewable,23.193808,0.681703235260309
RS,2019,others,0.478337000000003,0.0140590919975155
RS,2019,Nuclear,0,0
RS,2020,Renewable,9.93433299999999,0.286701959782033
RS,2020,Non-Renewable,24.376771,0.703506518138443
RS,2020,others,0.33928,0.00979152207952443
RS,2020,Nuclear,0,0
RS,2021,Renewable,12.126968,0.350969467804204
RS,2021,Non-Renewable,21.687377,0.627659540600679
RS,2021,others,0.738427000000001,0.0213709915951172
RS,2021,Nuclear,0,0
RS,2022,Renewable,10.06743064,0.309381743661915
RS,2022,Non-Renewable,22.209341,0.682514227300608
RS,2022,others,0.263709000000001,0.00810402903747648
RS,2022,Nuclear,0,0
RS,2023,Renewable,14.01727796,0.384518146907289
RS,2023,Non-Renewable,22.200341,0.608993700944624
RS,2023,others,0.236520000000001,0.00648815214808742
RS,2023,Nuclear,0,0
RS,2024,Renewable,11.85594968,0.342012695816701
RS,2024,Non-Renewable,22.572115,0.651145636562333
RS,2024,others,0.237168000000001,0.0068416676209658
RS,2024,Nuclear,0,0
RS,2025,Renewable,10.184860884,0.300730287602613
RS,2025,Non-Renewable,23.469463,0.692987212908982
RS,2025,others,0.21277,0.00628249948840517
RS,2025,Nuclear,0,0
RS,2026,Renewable,8.233611863,0.351651338440486
RS,2026,Non-Renewable,15.019879,0.641487677758918
RS,2026,others,0.160644,0.00686098380059545
RS,2026,Nuclear,0,0
SE,2019,Renewable,85.031882,0.536679120022754
SE,2019,Nuclear,64.414774,0.406554146676238
SE,2019,others,8.99416799999999,0.0567667333010083
SE,2019,Non-Renewable,0,0
SE,2020,Renewable,99.980906,0.648152954880049
SE,2020,Nuclear,47.463979,0.307697934235709
SE,2020,others,6.810226,0.0441491108842416
SE,2020,Non-Renewable,0,0
SE,2021,Renewable,100.87249825,0.624467105131004
SE,2021,Nuclear,51.7082689999999,0.320108192162924
SE,2021,others,8.94994259,0.0554060307539372
SE,2021,Non-Renewable,0.00301615,1.86719521357832e-05
SE,2022,Non-Renewable,0.005542,3.42154681469539e-05
SE,2022,Renewable,103.26273329,0.637528466555647
SE,2022,Nuclear,50.13160211,0.309504914318021
SE,2022,others,8.57364802999999,0.0529324036581847
SE,2023,Non-Renewable,0.00265318,1.70921145354816e-05
SE,2023,Renewable,101.37677139,0.653081731294225
SE,2023,Nuclear,46.58938947,0.300134623719235
SE,2023,others,7.25949282,0.046766552872005
SE,2024,Non-Renewable,0.00503129,3.11377913026396e-05
SE,2024,Renewable,107.01037825,0.662268886342276
SE,2024,Nuclear,48.59739362,0.300760938127556
SE,2024,others,5.96866391,0.0369390377388656
SE,2025,Non-Renewable,0.015689466,9.81422053287094e-05
SE,2025,Renewable,109.505837440084,0.684991087825233
SE,2025,Nuclear,44.582689997,0.278877784354915
SE,2025,others,5.76039942025,0.0360329856145234
SE,2026,Non-Renewable,0.036271814,0.000322762604278935
SE,2026,Renewable,77.93869527275,0.69353289748164
SE,2026,Nuclear,29.32658815,0.260960920397026
SE,2026,others,5.07767804225,0.0451834195170546
SI,2019,Renewable,4.86368521,0.328333916196383
SI,2019,Non-Renewable,4.43706793,0.299534165346667
SI,2019,Nuclear,5.51247501,0.37213191845695
SI,2019,others,0,0
SI,2020,Renewable,5.44557221,0.342693528912621
SI,2020,Non-Renewable,4.40411557,0.277153960726254
SI,2020,Nuclear,6.04081423,0.380152510361125
SI,2020,others,0,0
SI,2021,Renewable,5.19993396,0.354961204182897
SI,2021,Non-Renewable,4.03090428,0.275160155529128
SI,2021,Nuclear,5.41846399,0.369878640287975
SI,2021,others,0,0
SI,2022,Renewable,3.62480316,0.295114151744562
SI,2022,Non-Renewable,3.34721488,0.272514240474778
SI,2022,Nuclear,5.31069744,0.43237160778066
SI,2022,others,0,0
SI,2023,Renewable,5.52195906,0.388904650059621
SI,2023,Non-Renewable,3.3498694,0.235927099892775
SI,2023,Nuclear,5.32691938,0.375168250047604
SI,2023,others,0,0
SI,2024,Renewable,6.01675368,0.394006566275276
SI,2024,Non-Renewable,3.70408843,0.242561893190927
SI,2024,Nuclear,5.54985182,0.363431540533797
SI,2024,others,0,0
SI,2025,Renewable,5.08730241,0.378142405439745
SI,2025,Non-Renewable,2.81904299,0.209541248261798
SI,2025,Nuclear,5.54705823,0.412316346298457
SI,2025,others,0,0
SI,2026,Renewable,3.96230142887625,0.400587568958347
SI,2026,Non-Renewable,1.488383283745,0.150475134720568
SI,2026,Nuclear,4.44014806,0.448897730043464
SI,2026,others,0.00039135892,3.95662776209903e-05
SK,2019,Renewable,6.383112284,0.229266050736696
SK,2019,Non-Renewable,4.8629536,0.174665604674141
SK,2019,Nuclear,15.3466105,0.551213361912609
SK,2019,others,1.2488303,0.0448549826765546
SK,2020,Renewable,6.65734678,0.236709518981861
SK,2020,Non-Renewable,4.8733678,0.173278122032827
SK,2020,Nuclear,15.4057745,0.547769793575034
SK,2020,others,1.1880528,0.0422425654102779
SK,2021,Renewable,6.3917534,0.218892305286233
SK,2021,Non-Renewable,5.7464831,0.196794346453882
SK,2021,Nuclear,15.7011002,0.53770065946351
SK,2021,others,1.3611114,0.0466126887963751
SK,2022,Renewable,5.5879376,0.213840910275661
SK,2022,Non-Renewable,3.4662381,0.132647062940749
SK,2022,Nuclear,15.8637556,0.607079065788891
SK,2022,others,1.2133529,0.0464329609946992
SK,2023,Renewable,6.6338493,0.227401603158076
SK,2023,Non-Renewable,3.3851196,0.116038455067381
SK,2023,Nuclear,18.1606633,0.622529056973609
SK,2023,others,0.992762400000001,0.0340308848009344
SK,2024,Renewable,7.2794379,0.247039063349925
SK,2024,Non-Renewable,3.0498817,0.103502485885081
SK,2024,Nuclear,18.192545,0.617392350685671
SK,2024,others,0.9448837,0.0320661000793223
SK,2025,Renewable,5.6079975,0.193216314135799
SK,2025,Non-Renewable,3.3084259,0.113987543323515
SK,2025,Nuclear,19.2804296,0.664282311514361
SK,2025,others,0.8275983,0.028513831026325
SK,2026,Renewable,4.1141972,0.19321079727825
SK,2026,Non-Renewable,2.38517855,0.112012678754553
SK,2026,Nuclear,14.2408171,0.668776797034604
SK,2026,others,0.553633675,0.0259997269325928
UA,2021,Non-Renewable,15.552275,0.303259121894342
UA,2021,Renewable,5.672347,0.110607031466458
UA,2021,Nuclear,30.032132,0.58560679893681
UA,2021,others,0.027029,0.000527047702389662
UA,2022,Non-Renewable,7.598218,0.292948359289505
UA,2022,Renewable,2.693007,0.103828553248295
UA,2022,Nuclear,15.621747,0.602294531808082
UA,2022,others,0.024084,0.000928555654118956
UK,2019,Renewable,80.6117622450001,0.316401785829808
UK,2019,Non-Renewable,120.915246385,0.474593270569993
UK,2019,Nuclear,52.485439,0.206005751110986
UK,2019,others,0.76412398,0.00299919248921241
UK,2020,Renewable,91.2137493900001,0.381459880812429
UK,2020,Non-Renewable,99.298093565,0.415268960979243
UK,2020,Nuclear,47.3074935,0.197842002469237
UK,2020,others,1.29820638,0.00542915573909109
UK,2021,Renewable,40.881503855,0.428259990576659
UK,2021,Non-Renewable,34.42454741,0.36061922774911
UK,2021,Nuclear,19.6319535,0.205657312674498
UK,2021,others,0.521540265,0.00546346899973277
UK,2022,Non-Renewable,2.108601685,0.46018535110161
UK,2022,others,0.00423163,0.000923519198118304
UK,2022,Renewable,2.469237105,0.538891129700272
UK,2022,Nuclear,0,0
UK,2023,Non-Renewable,2.036061815,0.46334956003183
UK,2023,others,0.00060218,0.000137038981824806
UK,2023,Renewable,2.35756013,0.536513400986346
UK,2023,Nuclear,0,0
UK,2024,Non-Renewable,2.0572485955,0.490878282653598
UK,2024,others,0.0003145515,7.50548574751054e-05
UK,2024,Renewable,2.1333914505,0.509046662488927
UK,2024,Nuclear,0,0
UK,2025,Non-Renewable,1.4640400165,0.386868152918961
UK,2025,others,0.0001479375,3.90920375996763e-05
UK,2025,Renewable,2.320150471,0.61309275504344
UK,2025,Nuclear,0,0
UK,2026,Non-Renewable,1.2855656055,0.403716901857419
UK,2026,others,1.89755e-05,5.95903471469738e-06
UK,2026,Renewable,1.898739879,0.596277139107866
UK,2026,Nuclear,0,0
XK,2021,Non-Renewable,2.11541269,0.988694333627382
XK,2021,Renewable,0.02418963,0.0113056663726183
XK,2021,others,0,0
XK,2021,Nuclear,0,0
XK,2022,Non-Renewable,5.79718926,0.957590416973949
XK,2022,Renewable,0.25674482,0.0424095830260511
XK,2022,others,0,0
XK,2022,Nuclear,0,0
XK,2023,Non-Renewable,5.0797032,0.978023289315805
XK,2023,Renewable,0.11414367,0.0219767106841947
XK,2023,others,0,0
XK,2023,Nuclear,0,0
XK,2024,Non-Renewable,5.63968009000001,1
XK,2024,Renewable,0,0
XK,2024,others,0,0
XK,2024,Nuclear,0,0
XK,2025,Non-Renewable,4.842429884,1
XK,2025,Renewable,0,0
XK,2025,others,0,0
XK,2025,Nuclear,0,0
XK,2026,Non-Renewable,3.483819584,1
XK,2026,Renewable,0,0
XK,2026,others,0,0
XK,2026,Nuclear,0,0
