month,powertrain,cars,share
2019-01-01,bev,507,0.0201
2019-02-01,bev,691,0.0292
2019-03-01,bev,1344,0.0421
2019-04-01,bev,724,0.0227
2019-05-01,bev,699,0.0229
2019-06-01,bev,939,0.0289
2019-07-01,bev,711,0.0226
2019-08-01,bev,799,0.0267
2019-09-01,bev,969,0.046
2019-10-01,bev,515,0.0205
2019-11-01,bev,653,0.0281
2019-12-01,bev,691,0.0305
2020-01-01,bev,695,0.0303
2020-02-01,bev,981,0.0466
2020-03-01,bev,752,0.0706
2020-04-01,bev,557,0.0496
2020-05-01,bev,735,0.0364
2020-06-01,bev,1085,0.0407
2020-07-01,bev,1064,0.0429
2020-08-01,bev,1127,0.0539
2020-09-01,bev,1946,0.0878
2020-10-01,bev,1578,0.065
2020-11-01,bev,2061,0.1028
2020-12-01,bev,3391,0.1426
2021-01-01,bev,1377,0.0974
2021-02-01,bev,1831,0.0922
2021-03-01,bev,3412,0.1156
2021-04-01,bev,2404,0.1078
2021-05-01,bev,2709,0.1204
2021-06-01,bev,3614,0.1386
2021-07-01,bev,1990,0.1
2021-08-01,bev,3200,0.1806
2021-09-01,bev,3597,0.2014
2021-10-01,bev,2323,0.1574
2021-11-01,bev,3498,0.1997
2021-12-01,bev,3411,0.1933
2022-01-01,bev,2013,0.1289
2022-02-01,bev,2114,0.1313
2022-03-01,bev,3039,0.1471
2022-04-01,bev,1849,0.113
2022-05-01,bev,2064,0.1207
2022-06-01,bev,3414,0.15
2022-07-01,bev,2418,0.1506
2022-08-01,bev,2639,0.1481
2022-09-01,bev,4554,0.2196
2022-10-01,bev,2660,0.1656
2022-11-01,bev,3430,0.1887
2022-12-01,bev,3971,0.2256
2023-01-01,bev,2745,0.1456
2023-02-01,bev,3415,0.1908
2023-03-01,bev,5075,0.1929
2023-04-01,bev,3395,0.1835
2023-05-01,bev,4130,0.2003
2023-06-01,bev,4612,0.1882
2023-07-01,bev,3321,0.1891
2023-08-01,bev,3945,0.21
2023-09-01,bev,4256,0.2145
2023-10-01,bev,4378,0.232
2023-11-01,bev,4330,0.2291
2023-12-01,bev,4019,0.2173
2024-01-01,bev,2823,0.1608
2024-02-01,bev,3322,0.166
2024-03-01,bev,4657,0.1812
2024-04-01,bev,3232,0.1515
2024-05-01,bev,3448,0.174
2024-06-01,bev,4696,0.153
2024-07-01,bev,2933,0.1552
2024-08-01,bev,3100,0.1811
2024-09-01,bev,4421,0.2222
2024-10-01,bev,3990,0.1815
2024-11-01,bev,3737,0.1957
2024-12-01,bev,4263,0.1966
2025-01-01,bev,3822,0.1869
2025-02-01,bev,4233,0.2158
2025-03-01,bev,6122,0.2359
2025-04-01,bev,5690,0.2289
2025-05-01,bev,5428,0.2233
2025-06-01,bev,6239,0.2239
2025-07-01,bev,4920,0.1979
2025-08-01,bev,4314,0.2011
2025-09-01,bev,5383,0.2091
2025-10-01,bev,5165,0.211
2025-11-01,bev,4714,0.2049
2025-12-01,bev,4621,0.2065
2026-01-01,bev,4702,0.2051
2026-02-01,bev,4439,0.2085
2026-03-01,bev,8206,0.2485
2026-04-01,bev,7122,0.2589
2026-05-01,bev,6598,0.2585
2026-06-01,bev,8993,0.2625
2026-07-01,bev,7073,0.2739
2026-08-01,bev,6316,0.2899
2019-01-01,phev,181,0.0072
2019-02-01,phev,157,0.0066
2019-03-01,phev,145,0.0045
2019-04-01,phev,176,0.0055
2019-05-01,phev,140,0.0046
2019-06-01,phev,99,0.003
2019-07-01,phev,101,0.0032
2019-08-01,phev,103,0.0034
2019-09-01,phev,162,0.0077
2019-10-01,phev,343,0.0136
2019-11-01,phev,297,0.0128
2019-12-01,phev,252,0.0111
2020-01-01,phev,557,0.0243
2020-02-01,phev,353,0.0168
2020-03-01,phev,279,0.0262
2020-04-01,phev,214,0.0191
2020-05-01,phev,498,0.0246
2020-06-01,phev,674,0.0253
2020-07-01,phev,734,0.0296
2020-08-01,phev,635,0.0304
2020-09-01,phev,485,0.0219
2020-10-01,phev,1050,0.0433
2020-11-01,phev,1024,0.0511
2020-12-01,phev,1138,0.0479
2021-01-01,phev,942,0.0667
2021-02-01,phev,1096,0.0552
2021-03-01,phev,1685,0.0571
2021-04-01,phev,1311,0.0588
2021-05-01,phev,1507,0.067
2021-06-01,phev,1399,0.0537
2021-07-01,phev,1176,0.0591
2021-08-01,phev,1126,0.0635
2021-09-01,phev,1098,0.0615
2021-10-01,phev,1144,0.0775
2021-11-01,phev,1141,0.0651
2021-12-01,phev,1001,0.0567
2022-01-01,phev,1104,0.0707
2022-02-01,phev,927,0.0576
2022-03-01,phev,1175,0.0569
2022-04-01,phev,1091,0.0667
2022-05-01,phev,1053,0.0616
2022-06-01,phev,1192,0.0524
2022-07-01,phev,830,0.0517
2022-08-01,phev,853,0.0479
2022-09-01,phev,1214,0.0585
2022-10-01,phev,1062,0.0661
2022-11-01,phev,1537,0.0846
2022-12-01,phev,1230,0.0699
2023-01-01,phev,1218,0.0646
2023-02-01,phev,1276,0.0713
2023-03-01,phev,1898,0.0721
2023-04-01,phev,1345,0.0727
2023-05-01,phev,1276,0.0619
2023-06-01,phev,1799,0.0734
2023-07-01,phev,1300,0.074
2023-08-01,phev,1442,0.0767
2023-09-01,phev,1531,0.0772
2023-10-01,phev,1512,0.0801
2023-11-01,phev,1213,0.0642
2023-12-01,phev,1146,0.062
2024-01-01,phev,1469,0.0837
2024-02-01,phev,1335,0.0667
2024-03-01,phev,1477,0.0575
2024-04-01,phev,1344,0.063
2024-05-01,phev,1263,0.0637
2024-06-01,phev,1807,0.0589
2024-07-01,phev,1406,0.0744
2024-08-01,phev,1120,0.0654
2024-09-01,phev,1279,0.0643
2024-10-01,phev,1792,0.0815
2024-11-01,phev,1354,0.0709
2024-12-01,phev,1282,0.0591
2025-01-01,phev,1642,0.0803
2025-02-01,phev,1613,0.0822
2025-03-01,phev,2275,0.0877
2025-04-01,phev,2521,0.1014
2025-05-01,phev,2479,0.102
2025-06-01,phev,2574,0.0924
2025-07-01,phev,2782,0.1119
2025-08-01,phev,2421,0.1129
2025-09-01,phev,2486,0.0966
2025-10-01,phev,2695,0.1101
2025-11-01,phev,2556,0.1111
2025-12-01,phev,2776,0.1241
2026-01-01,phev,2738,0.1194
2026-02-01,phev,2151,0.101
2026-03-01,phev,3165,0.0959
2026-04-01,phev,2997,0.1089
2026-05-01,phev,2932,0.1148
2026-06-01,phev,4040,0.1179
2026-07-01,phev,3530,0.1367
2026-08-01,phev,2680,0.123
2019-01-01,hybrid,561,0.0222
2019-02-01,hybrid,587,0.0248
2019-03-01,hybrid,1115,0.0349
2019-04-01,hybrid,1293,0.0405
2019-05-01,hybrid,1210,0.0396
2019-06-01,hybrid,1230,0.0378
2019-07-01,hybrid,1214,0.0386
2019-08-01,hybrid,1387,0.0464
2019-09-01,hybrid,1211,0.0575
2019-10-01,hybrid,1508,0.06
2019-11-01,hybrid,1463,0.0629
2019-12-01,hybrid,1570,0.0692
2020-01-01,hybrid,1688,0.0735
2020-02-01,hybrid,1707,0.081
2020-03-01,hybrid,1017,0.0955
2020-04-01,hybrid,911,0.0812
2020-05-01,hybrid,1861,0.0921
2020-06-01,hybrid,2340,0.0877
2020-07-01,hybrid,2493,0.1006
2020-08-01,hybrid,2112,0.101
2020-09-01,hybrid,2608,0.1177
2020-10-01,hybrid,3359,0.1384
2020-11-01,hybrid,2681,0.1337
2020-12-01,hybrid,3249,0.1367
2021-01-01,hybrid,2095,0.1482
2021-02-01,hybrid,2900,0.146
2021-03-01,hybrid,5227,0.177
2021-04-01,hybrid,3532,0.1584
2021-05-01,hybrid,4041,0.1796
2021-06-01,hybrid,4779,0.1833
2021-07-01,hybrid,3914,0.1967
2021-08-01,hybrid,3144,0.1774
2021-09-01,hybrid,3194,0.1788
2021-10-01,hybrid,3139,0.2127
2021-11-01,hybrid,2902,0.1656
2021-12-01,hybrid,3103,0.1758
2022-01-01,hybrid,2652,0.1698
2022-02-01,hybrid,3237,0.201
2022-03-01,hybrid,3813,0.1846
2022-04-01,hybrid,3406,0.2081
2022-05-01,hybrid,3575,0.209
2022-06-01,hybrid,3971,0.1745
2022-07-01,hybrid,2878,0.1793
2022-08-01,hybrid,3464,0.1945
2022-09-01,hybrid,3489,0.1683
2022-10-01,hybrid,3126,0.1946
2022-11-01,hybrid,3761,0.2069
2022-12-01,hybrid,3486,0.198
2023-01-01,hybrid,3743,0.1986
2023-02-01,hybrid,3679,0.2056
2023-03-01,hybrid,5260,0.1999
2023-04-01,hybrid,3965,0.2143
2023-05-01,hybrid,4429,0.2148
2023-06-01,hybrid,5003,0.2041
2023-07-01,hybrid,3799,0.2163
2023-08-01,hybrid,4036,0.2148
2023-09-01,hybrid,4469,0.2253
2023-10-01,hybrid,4253,0.2254
2023-11-01,hybrid,4129,0.2185
2023-12-01,hybrid,3865,0.209
2024-01-01,hybrid,4069,0.2318
2024-02-01,hybrid,4691,0.2344
2024-03-01,hybrid,6199,0.2412
2024-04-01,hybrid,4493,0.2106
2024-05-01,hybrid,4444,0.2242
2024-06-01,hybrid,7267,0.2368
2024-07-01,hybrid,5156,0.2728
2024-08-01,hybrid,4735,0.2767
2024-09-01,hybrid,5078,0.2553
2024-10-01,hybrid,6566,0.2987
2024-11-01,hybrid,5528,0.2895
2024-12-01,hybrid,5864,0.2704
2025-01-01,hybrid,5405,0.2643
2025-02-01,hybrid,5549,0.2828
2025-03-01,hybrid,7224,0.2784
2025-04-01,hybrid,7135,0.2871
2025-05-01,hybrid,6865,0.2824
2025-06-01,hybrid,8035,0.2883
2025-07-01,hybrid,7353,0.2957
2025-08-01,hybrid,6552,0.3054
2025-09-01,hybrid,7597,0.2951
2025-10-01,hybrid,7425,0.3033
2025-11-01,hybrid,6651,0.2891
2025-12-01,hybrid,7253,0.3241
2026-01-01,hybrid,6496,0.2833
2026-02-01,hybrid,6665,0.3131
2026-03-01,hybrid,10513,0.3184
2026-04-01,hybrid,8366,0.3041
2026-05-01,hybrid,7239,0.2836
2026-06-01,hybrid,10472,0.3057
2026-07-01,hybrid,7192,0.2785
2026-08-01,hybrid,6166,0.283
2019-01-01,petrol,13668,0.5412
2019-02-01,petrol,12958,0.5481
2019-03-01,petrol,17398,0.5444
2019-04-01,petrol,17347,0.5429
2019-05-01,petrol,16525,0.5405
2019-06-01,petrol,18241,0.5608
2019-07-01,petrol,17590,0.5597
2019-08-01,petrol,16168,0.541
2019-09-01,petrol,11081,0.5265
2019-10-01,petrol,12987,0.5166
2019-11-01,petrol,11665,0.5013
2019-12-01,petrol,11078,0.4884
2020-01-01,petrol,11060,0.4817
2020-02-01,petrol,9711,0.461
2020-03-01,petrol,4453,0.418
2020-04-01,petrol,5027,0.448
2020-05-01,petrol,9650,0.4775
2020-06-01,petrol,12860,0.4821
2020-07-01,petrol,10945,0.4416
2020-08-01,petrol,9307,0.4452
2020-09-01,petrol,8792,0.3967
2020-10-01,petrol,10263,0.4228
2020-11-01,petrol,7340,0.366
2020-12-01,petrol,8363,0.3518
2021-01-01,petrol,6081,0.4303
2021-02-01,petrol,8842,0.4451
2021-03-01,petrol,11716,0.3968
2021-04-01,petrol,8994,0.4034
2021-05-01,petrol,8576,0.3811
2021-06-01,petrol,10128,0.3884
2021-07-01,petrol,7824,0.3931
2021-08-01,petrol,6225,0.3513
2021-09-01,petrol,6702,0.3752
2021-10-01,petrol,4996,0.3386
2021-11-01,petrol,5684,0.3244
2021-12-01,petrol,5710,0.3235
2022-01-01,petrol,6134,0.3927
2022-02-01,petrol,6053,0.3759
2022-03-01,petrol,8212,0.3976
2022-04-01,petrol,6652,0.4065
2022-05-01,petrol,6748,0.3945
2022-06-01,petrol,8975,0.3943
2022-07-01,petrol,5942,0.3701
2022-08-01,petrol,6457,0.3625
2022-09-01,petrol,6898,0.3327
2022-10-01,petrol,5497,0.3423
2022-11-01,petrol,5684,0.3127
2022-12-01,petrol,5315,0.302
2023-01-01,petrol,7220,0.383
2023-02-01,petrol,5929,0.3313
2023-03-01,petrol,8812,0.335
2023-04-01,petrol,6355,0.3434
2023-05-01,petrol,6831,0.3312
2023-06-01,petrol,7989,0.3259
2023-07-01,petrol,5387,0.3067
2023-08-01,petrol,5545,0.2951
2023-09-01,petrol,5976,0.3012
2023-10-01,petrol,5551,0.2942
2023-11-01,petrol,5838,0.3089
2023-12-01,petrol,5921,0.3201
2024-01-01,petrol,5681,0.3237
2024-02-01,petrol,6527,0.3262
2024-03-01,petrol,8312,0.3234
2024-04-01,petrol,8070,0.3782
2024-05-01,petrol,6788,0.3425
2024-06-01,petrol,11017,0.3589
2024-07-01,petrol,6388,0.338
2024-08-01,petrol,5735,0.3351
2024-09-01,petrol,6106,0.3069
2024-10-01,petrol,6575,0.2991
2024-11-01,petrol,5729,0.3
2024-12-01,petrol,7076,0.3262
2025-01-01,petrol,6505,0.3181
2025-02-01,petrol,5736,0.2924
2025-03-01,petrol,7346,0.2831
2025-04-01,petrol,6681,0.2688
2025-05-01,petrol,6808,0.28
2025-06-01,petrol,7474,0.2682
2025-07-01,petrol,6727,0.2705
2025-08-01,petrol,5706,0.266
2025-09-01,petrol,7656,0.2974
2025-10-01,petrol,6492,0.2652
2025-11-01,petrol,6576,0.2858
2025-12-01,petrol,5750,0.257
2026-01-01,petrol,6718,0.293
2026-02-01,petrol,5530,0.2598
2026-03-01,petrol,8181,0.2478
2026-04-01,petrol,6368,0.2315
2026-05-01,petrol,6135,0.2403
2026-06-01,petrol,7577,0.2212
2026-07-01,petrol,5625,0.2178
2026-08-01,petrol,4873,0.2237
2019-01-01,diesel,10318,0.4085
2019-02-01,diesel,9230,0.3904
2019-03-01,diesel,11929,0.3733
2019-04-01,diesel,12373,0.3872
2019-05-01,diesel,11922,0.3899
2019-06-01,diesel,11947,0.3673
2019-07-01,diesel,11766,0.3744
2019-08-01,diesel,11382,0.3808
2019-09-01,diesel,7575,0.3599
2019-10-01,diesel,9707,0.3861
2019-11-01,diesel,9138,0.3927
2019-12-01,diesel,9024,0.3978
2020-01-01,diesel,8901,0.3877
2020-02-01,diesel,8281,0.3931
2020-03-01,diesel,4137,0.3883
2020-04-01,diesel,4484,0.3996
2020-05-01,diesel,7417,0.367
2020-06-01,diesel,9671,0.3625
2020-07-01,diesel,9496,0.3832
2020-08-01,diesel,7689,0.3678
2020-09-01,diesel,8308,0.3749
2020-10-01,diesel,7989,0.3291
2020-11-01,diesel,6931,0.3456
2020-12-01,diesel,7605,0.3199
2021-01-01,diesel,3635,0.2572
2021-02-01,diesel,5181,0.2608
2021-03-01,diesel,7475,0.2532
2021-04-01,diesel,6048,0.2713
2021-05-01,diesel,5656,0.2513
2021-06-01,diesel,6138,0.2354
2021-07-01,diesel,4990,0.2507
2021-08-01,diesel,4016,0.2266
2021-09-01,diesel,3266,0.1828
2021-10-01,diesel,3150,0.2135
2021-11-01,diesel,4292,0.245
2021-12-01,diesel,4416,0.2502
2022-01-01,diesel,3712,0.2377
2022-02-01,diesel,3763,0.2337
2022-03-01,diesel,4382,0.2122
2022-04-01,diesel,3365,0.2056
2022-05-01,diesel,3665,0.2142
2022-06-01,diesel,5201,0.2285
2022-07-01,diesel,3980,0.2479
2022-08-01,diesel,4396,0.2468
2022-09-01,diesel,4580,0.2209
2022-10-01,diesel,3712,0.2311
2022-11-01,diesel,3761,0.2069
2022-12-01,diesel,3598,0.2044
2023-01-01,diesel,3923,0.2081
2023-02-01,diesel,3596,0.2009
2023-03-01,diesel,5261,0.2
2023-04-01,diesel,3442,0.186
2023-05-01,diesel,3955,0.1918
2023-06-01,diesel,5101,0.2081
2023-07-01,diesel,3758,0.2139
2023-08-01,diesel,3821,0.2034
2023-09-01,diesel,3603,0.1816
2023-10-01,diesel,3172,0.1681
2023-11-01,diesel,3390,0.1794
2023-12-01,diesel,3546,0.1917
2024-01-01,diesel,3506,0.1997
2024-02-01,diesel,4135,0.2066
2024-03-01,diesel,5050,0.1965
2024-04-01,diesel,4197,0.1967
2024-05-01,diesel,3876,0.1956
2024-06-01,diesel,5906,0.1924
2024-07-01,diesel,3017,0.1596
2024-08-01,diesel,2425,0.1417
2024-09-01,diesel,3010,0.1513
2024-10-01,diesel,3058,0.1391
2024-11-01,diesel,2748,0.1439
2024-12-01,diesel,3204,0.1477
2025-01-01,diesel,3074,0.1503
2025-02-01,diesel,2488,0.1268
2025-03-01,diesel,2982,0.1149
2025-04-01,diesel,2827,0.1137
2025-05-01,diesel,2731,0.1123
2025-06-01,diesel,3546,0.1272
2025-07-01,diesel,3085,0.1241
2025-08-01,diesel,2459,0.1146
2025-09-01,diesel,2623,0.1019
2025-10-01,diesel,2702,0.1104
2025-11-01,diesel,2511,0.1091
2025-12-01,diesel,1976,0.0883
2026-01-01,diesel,2275,0.0992
2026-02-01,diesel,2503,0.1176
2026-03-01,diesel,2953,0.0894
2026-04-01,diesel,2655,0.0965
2026-05-01,diesel,2624,0.1028
2026-06-01,diesel,3174,0.0927
2026-07-01,diesel,2403,0.0931
2026-08-01,diesel,1753,0.0805
2019-01-01,other,22,0.0009
2019-02-01,other,17,0.0007
2019-03-01,other,27,0.0008
2019-04-01,other,38,0.0012
2019-05-01,other,78,0.0026
2019-06-01,other,73,0.0022
2019-07-01,other,46,0.0015
2019-08-01,other,49,0.0016
2019-09-01,other,49,0.0023
2019-10-01,other,78,0.0031
2019-11-01,other,55,0.0024
2019-12-01,other,67,0.003
2020-01-01,other,58,0.0025
2020-02-01,other,34,0.0016
2020-03-01,other,16,0.0015
2020-04-01,other,27,0.0024
2020-05-01,other,50,0.0025
2020-06-01,other,46,0.0017
2020-07-01,other,52,0.0021
2020-08-01,other,36,0.0017
2020-09-01,other,23,0.001
2020-10-01,other,35,0.0014
2020-11-01,other,18,0.0009
2020-12-01,other,26,0.0011
2021-01-01,other,3,0.0002
2021-02-01,other,13,0.0007
2021-03-01,other,11,0.0004
2021-04-01,other,7,0.0003
2021-05-01,other,14,0.0006
2021-06-01,other,17,0.0007
2021-07-01,other,8,0.0004
2021-08-01,other,8,0.0005
2021-09-01,other,7,0.0004
2021-10-01,other,3,0.0002
2021-11-01,other,2,0.0001
2021-12-01,other,7,0.0004
2022-01-01,other,4,0.0003
2022-02-01,other,9,0.0006
2022-03-01,other,32,0.0015
2022-04-01,other,1,0.0001
2022-05-01,other,2,0.0001
2022-06-01,other,7,0.0003
2022-07-01,other,6,0.0004
2022-08-01,other,5,0.0003
2022-09-01,other,0,0.0
2022-10-01,other,4,0.0002
2022-11-01,other,5,0.0003
2022-12-01,other,2,0.0001
2023-01-01,other,1,0.0001
2023-02-01,other,0,0.0
2023-03-01,other,1,0.0
2023-04-01,other,2,0.0001
2023-05-01,other,2,0.0001
2023-06-01,other,7,0.0003
2023-07-01,other,1,0.0001
2023-08-01,other,1,0.0001
2023-09-01,other,5,0.0003
2023-10-01,other,1,0.0001
2023-11-01,other,0,0.0
2023-12-01,other,0,0.0
2024-01-01,other,4,0.0002
2024-02-01,other,0,0.0
2024-03-01,other,6,0.0002
2024-04-01,other,1,0.0
2024-05-01,other,1,0.0001
2024-06-01,other,0,0.0
2024-07-01,other,1,0.0001
2024-08-01,other,0,0.0
2024-09-01,other,0,0.0
2024-10-01,other,0,0.0
2024-11-01,other,0,0.0
2024-12-01,other,0,0.0
2025-01-01,other,0,0.0
2025-02-01,other,0,0.0
2025-03-01,other,1,0.0
2025-04-01,other,1,0.0
2025-05-01,other,0,0.0
2025-06-01,other,0,0.0
2025-07-01,other,0,0.0
2025-08-01,other,0,0.0
2025-09-01,other,0,0.0
2025-10-01,other,0,0.0
2025-11-01,other,0,0.0
2025-12-01,other,0,0.0
2026-01-01,other,0,0.0
2026-02-01,other,0,0.0
2026-03-01,other,0,0.0
2026-04-01,other,1,0.0
2026-05-01,other,1,0.0
2026-06-01,other,0,0.0
2026-07-01,other,0,0.0
2026-08-01,other,0,0.0
