country,year,source,share
AL,2026,non-renewable,0.0112
AL,2026,renewable,0.9888
AL,2026,nuclear,0.0
AT,2019,renewable,0.7924
AT,2019,non-renewable,0.2044
AT,2019,nuclear,0.0
AT,2020,renewable,0.8249
AT,2020,non-renewable,0.1719
AT,2020,nuclear,0.0
AT,2021,renewable,0.8152
AT,2021,non-renewable,0.1814
AT,2021,nuclear,0.0
AT,2022,renewable,0.7963
AT,2022,non-renewable,0.2002
AT,2022,nuclear,0.0
AT,2023,renewable,0.8734
AT,2023,non-renewable,0.1234
AT,2023,nuclear,0.0
AT,2024,renewable,0.8908
AT,2024,non-renewable,0.1063
AT,2024,nuclear,0.0
AT,2025,renewable,0.8527
AT,2025,non-renewable,0.1439
AT,2025,nuclear,0.0
AT,2026,renewable,0.8668
AT,2026,non-renewable,0.1296
AT,2026,nuclear,0.0
BA,2019,non-renewable,0.6372
BA,2019,renewable,0.3628
BA,2019,nuclear,0.0
BA,2020,non-renewable,0.7075
BA,2020,renewable,0.2925
BA,2020,nuclear,0.0
BA,2021,non-renewable,0.622
BA,2021,renewable,0.378
BA,2021,nuclear,0.0
BA,2022,non-renewable,0.6876
BA,2022,renewable,0.3124
BA,2022,nuclear,0.0
BA,2023,non-renewable,0.5871
BA,2023,renewable,0.4129
BA,2023,nuclear,0.0
BA,2024,non-renewable,0.6419
BA,2024,renewable,0.3581
BA,2024,nuclear,0.0
BA,2025,non-renewable,0.6125
BA,2025,renewable,0.3875
BA,2025,nuclear,0.0
BA,2026,non-renewable,0.5505
BA,2026,renewable,0.4495
BA,2026,nuclear,0.0
BE,2019,renewable,0.1709
BE,2019,non-renewable,0.291
BE,2019,nuclear,0.4731
BE,2020,renewable,0.2267
BE,2020,non-renewable,0.312
BE,2020,nuclear,0.3961
BE,2021,renewable,0.2177
BE,2021,non-renewable,0.2681
BE,2021,nuclear,0.5141
BE,2022,renewable,0.248
BE,2022,non-renewable,0.2872
BE,2022,nuclear,0.4647
BE,2023,renewable,0.3174
BE,2023,non-renewable,0.2694
BE,2023,nuclear,0.3919
BE,2024,renewable,0.342
BE,2024,non-renewable,0.247
BE,2024,nuclear,0.4106
BE,2025,renewable,0.3753
BE,2025,non-renewable,0.2709
BE,2025,nuclear,0.3288
BE,2026,renewable,0.4935
BE,2026,non-renewable,0.343
BE,2026,nuclear,0.1046
BG,2019,renewable,0.1398
BG,2019,non-renewable,0.4826
BG,2019,nuclear,0.3776
BG,2020,renewable,0.1611
BG,2020,non-renewable,0.4276
BG,2020,nuclear,0.4114
BG,2021,renewable,0.174
BG,2021,non-renewable,0.4745
BG,2021,nuclear,0.3515
BG,2022,renewable,0.1417
BG,2022,non-renewable,0.5287
BG,2022,nuclear,0.3296
BG,2023,renewable,0.1969
BG,2023,non-renewable,0.3958
BG,2023,nuclear,0.4074
BG,2024,renewable,0.2538
BG,2024,non-renewable,0.3234
BG,2024,nuclear,0.4228
BG,2025,renewable,0.2886
BG,2025,non-renewable,0.3137
BG,2025,nuclear,0.3977
BG,2026,renewable,0.3707
BG,2026,non-renewable,0.2505
BG,2026,nuclear,0.3713
CH,2019,renewable,0.4608
CH,2019,nuclear,0.5392
CH,2019,non-renewable,0.0
CH,2020,renewable,0.4992
CH,2020,nuclear,0.5008
CH,2020,non-renewable,0.0
CH,2021,renewable,0.5409
CH,2021,nuclear,0.4591
CH,2021,non-renewable,0.0
CH,2022,renewable,0.4446
CH,2022,nuclear,0.5554
CH,2022,non-renewable,0.0
CH,2023,renewable,0.4998
CH,2023,nuclear,0.5002
CH,2023,non-renewable,0.0
CH,2024,renewable,0.5685
CH,2024,nuclear,0.4315
CH,2024,non-renewable,0.0
CH,2025,renewable,0.6713
CH,2025,nuclear,0.3287
CH,2025,non-renewable,0.0
CH,2026,renewable,0.6656
CH,2026,nuclear,0.3344
CH,2026,non-renewable,0.0
CY,2019,non-renewable,0.9485
CY,2019,renewable,0.0515
CY,2019,nuclear,0.0
CY,2020,non-renewable,0.9483
CY,2020,renewable,0.0517
CY,2020,nuclear,0.0
CY,2021,non-renewable,0.9472
CY,2021,renewable,0.0528
CY,2021,nuclear,0.0
CY,2022,non-renewable,0.9403
CY,2022,renewable,0.0597
CY,2022,nuclear,0.0
CY,2025,renewable,0.2577
CY,2025,non-renewable,0.7423
CY,2025,nuclear,0.0
CY,2026,renewable,0.1397
CY,2026,non-renewable,0.8603
CY,2026,nuclear,0.0
CZ,2019,renewable,0.128
CZ,2019,non-renewable,0.5061
CZ,2019,nuclear,0.3537
CZ,2020,renewable,0.1438
CZ,2020,non-renewable,0.4721
CZ,2020,nuclear,0.3724
CZ,2021,renewable,0.142
CZ,2021,non-renewable,0.49
CZ,2021,nuclear,0.3665
CZ,2022,renewable,0.1369
CZ,2022,non-renewable,0.4908
CZ,2022,nuclear,0.3706
CZ,2023,renewable,0.1601
CZ,2023,non-renewable,0.4293
CZ,2023,nuclear,0.4013
CZ,2024,renewable,0.1847
CZ,2024,non-renewable,0.3984
CZ,2024,nuclear,0.4079
CZ,2025,renewable,0.1842
CZ,2025,non-renewable,0.3878
CZ,2025,nuclear,0.424
CZ,2026,renewable,0.1967
CZ,2026,non-renewable,0.3985
CZ,2026,nuclear,0.3983
DE,2019,renewable,0.4432
DE,2019,non-renewable,0.4147
DE,2019,nuclear,0.1358
DE,2020,renewable,0.4846
DE,2020,non-renewable,0.3882
DE,2020,nuclear,0.121
DE,2021,renewable,0.4355
DE,2021,non-renewable,0.431
DE,2021,nuclear,0.1279
DE,2022,renewable,0.4869
DE,2022,non-renewable,0.4428
DE,2022,nuclear,0.0656
DE,2023,renewable,0.5772
DE,2023,non-renewable,0.404
DE,2023,nuclear,0.0149
DE,2024,renewable,0.6091
DE,2024,non-renewable,0.3875
DE,2024,nuclear,0.0
DE,2025,renewable,0.6112
DE,2025,non-renewable,0.3847
DE,2025,nuclear,0.0
DE,2026,renewable,0.6376
DE,2026,non-renewable,0.3586
DE,2026,nuclear,0.0
DK,2019,renewable,0.72
DK,2019,non-renewable,0.28
DK,2019,nuclear,0.0
DK,2020,renewable,0.7422
DK,2020,non-renewable,0.2578
DK,2020,nuclear,0.0
DK,2021,renewable,0.6857
DK,2021,non-renewable,0.3143
DK,2021,nuclear,0.0
DK,2022,renewable,0.7401
DK,2022,non-renewable,0.2599
DK,2022,nuclear,0.0
DK,2023,renewable,0.8015
DK,2023,non-renewable,0.1985
DK,2023,nuclear,0.0
DK,2024,renewable,0.8165
DK,2024,non-renewable,0.1835
DK,2024,nuclear,0.0
DK,2025,renewable,0.8655
DK,2025,non-renewable,0.1345
DK,2025,nuclear,0.0
DK,2026,renewable,0.9013
DK,2026,non-renewable,0.0987
DK,2026,nuclear,0.0
EE,2019,renewable,0.2261
EE,2019,non-renewable,0.7739
EE,2019,nuclear,0.0
EE,2020,renewable,0.3665
EE,2020,non-renewable,0.6335
EE,2020,nuclear,0.0
EE,2021,renewable,0.2747
EE,2021,non-renewable,0.7253
EE,2021,nuclear,0.0
EE,2022,renewable,0.3475
EE,2022,non-renewable,0.6525
EE,2022,nuclear,0.0
EE,2023,renewable,0.433
EE,2023,non-renewable,0.567
EE,2023,nuclear,0.0
EE,2024,renewable,0.529
EE,2024,non-renewable,0.471
EE,2024,nuclear,0.0
EE,2025,renewable,0.5814
EE,2025,non-renewable,0.4186
EE,2025,nuclear,0.0
EE,2026,renewable,0.6231
EE,2026,non-renewable,0.3688
EE,2026,nuclear,0.0
ES,2019,renewable,0.3946
ES,2019,non-renewable,0.3767
ES,2019,nuclear,0.227
ES,2020,renewable,0.4676
ES,2020,non-renewable,0.2968
ES,2020,nuclear,0.2338
ES,2021,renewable,0.4936
ES,2021,non-renewable,0.2853
ES,2021,nuclear,0.2192
ES,2022,renewable,0.4468
ES,2022,non-renewable,0.3379
ES,2022,nuclear,0.2143
ES,2023,renewable,0.5417
ES,2023,non-renewable,0.242
ES,2023,nuclear,0.2159
ES,2024,renewable,0.6003
ES,2024,non-renewable,0.1899
ES,2024,nuclear,0.209
ES,2025,renewable,0.5857
ES,2025,non-renewable,0.2136
ES,2025,nuclear,0.2004
ES,2026,renewable,0.6082
ES,2026,non-renewable,0.1952
ES,2026,nuclear,0.1962
FI,2019,renewable,0.3869
FI,2019,non-renewable,0.2185
FI,2019,nuclear,0.3806
FI,2020,renewable,0.4568
FI,2020,non-renewable,0.1658
FI,2020,nuclear,0.3668
FI,2021,renewable,0.4547
FI,2021,non-renewable,0.1797
FI,2021,nuclear,0.3547
FI,2022,renewable,0.463
FI,2022,non-renewable,0.1484
FI,2022,nuclear,0.379
FI,2023,renewable,0.4665
FI,2023,non-renewable,0.0833
FI,2023,nuclear,0.4416
FI,2024,renewable,0.524
FI,2024,non-renewable,0.0569
FI,2024,nuclear,0.4001
FI,2025,renewable,0.5487
FI,2025,non-renewable,0.0348
FI,2025,nuclear,0.3939
FI,2026,renewable,0.5345
FI,2026,non-renewable,0.0421
FI,2026,nuclear,0.3966
FR,2019,renewable,0.2018
FR,2019,non-renewable,0.0813
FR,2019,nuclear,0.7169
FR,2020,renewable,0.2397
FR,2020,non-renewable,0.0798
FR,2020,nuclear,0.6805
FR,2021,renewable,0.2203
FR,2021,non-renewable,0.078
FR,2021,nuclear,0.7018
FR,2022,renewable,0.2461
FR,2022,non-renewable,0.1121
FR,2022,nuclear,0.6418
FR,2023,renewable,0.2682
FR,2023,non-renewable,0.0656
FR,2023,nuclear,0.6662
FR,2024,renewable,0.2722
FR,2024,non-renewable,0.0402
FR,2024,nuclear,0.6876
FR,2025,renewable,0.265
FR,2025,non-renewable,0.0392
FR,2025,nuclear,0.6957
FR,2026,renewable,0.2775
FR,2026,non-renewable,0.0389
FR,2026,nuclear,0.6831
GE,2021,non-renewable,0.5234
GE,2021,renewable,0.4766
GE,2021,nuclear,0.0
GE,2022,non-renewable,0.254
GE,2022,renewable,0.746
GE,2022,nuclear,0.0
GE,2023,non-renewable,0.2626
GE,2023,renewable,0.7374
GE,2023,nuclear,0.0
GE,2024,non-renewable,0.2175
GE,2024,renewable,0.7825
GE,2024,nuclear,0.0
GE,2025,non-renewable,0.2213
GE,2025,renewable,0.7787
GE,2025,nuclear,0.0
GE,2026,non-renewable,0.1967
GE,2026,renewable,0.8033
GE,2026,nuclear,0.0
GR,2019,non-renewable,0.6869
GR,2019,renewable,0.3131
GR,2019,nuclear,0.0
GR,2020,non-renewable,0.6332
GR,2020,renewable,0.3668
GR,2020,nuclear,0.0
GR,2021,non-renewable,0.5906
GR,2021,renewable,0.4094
GR,2021,nuclear,0.0
GR,2022,non-renewable,0.5556
GR,2022,renewable,0.4444
GR,2022,nuclear,0.0
GR,2023,non-renewable,0.4764
GR,2023,renewable,0.5236
GR,2023,nuclear,0.0
GR,2024,non-renewable,0.4853
GR,2024,renewable,0.5147
GR,2024,nuclear,0.0
GR,2025,non-renewable,0.502
GR,2025,renewable,0.498
GR,2025,nuclear,0.0
GR,2026,non-renewable,0.4217
GR,2026,renewable,0.5753
GR,2026,nuclear,0.0
HR,2019,renewable,0.6877
HR,2019,non-renewable,0.3123
HR,2019,nuclear,0.0
HR,2020,renewable,0.6613
HR,2020,non-renewable,0.3387
HR,2020,nuclear,0.0
HR,2021,renewable,0.7104
HR,2021,non-renewable,0.2896
HR,2021,nuclear,0.0
HR,2022,renewable,0.6405
HR,2022,non-renewable,0.3595
HR,2022,nuclear,0.0
HR,2023,renewable,0.6968
HR,2023,non-renewable,0.3032
HR,2023,nuclear,0.0
HR,2024,renewable,0.7267
HR,2024,non-renewable,0.2733
HR,2024,nuclear,0.0
HR,2025,renewable,0.7548
HR,2025,non-renewable,0.2452
HR,2025,nuclear,0.0
HR,2026,renewable,0.7652
HR,2026,non-renewable,0.2336
HR,2026,nuclear,0.0
HU,2019,renewable,0.0726
HU,2019,non-renewable,0.3912
HU,2019,nuclear,0.5126
HU,2020,renewable,0.1151
HU,2020,non-renewable,0.3823
HU,2020,nuclear,0.4858
HU,2021,renewable,0.1393
HU,2021,non-renewable,0.3692
HU,2021,nuclear,0.473
HU,2022,renewable,0.1605
HU,2022,non-renewable,0.3469
HU,2022,nuclear,0.4749
HU,2023,renewable,0.1947
HU,2023,non-renewable,0.3039
HU,2023,nuclear,0.4863
HU,2024,renewable,0.234
HU,2024,non-renewable,0.2839
HU,2024,nuclear,0.4684
HU,2025,renewable,0.2716
HU,2025,non-renewable,0.2681
HU,2025,nuclear,0.4481
HU,2026,renewable,0.3266
HU,2026,non-renewable,0.232
HU,2026,nuclear,0.4218
IE,2019,non-renewable,0.5585
IE,2019,renewable,0.4412
IE,2019,nuclear,0.0
IE,2020,non-renewable,0.5083
IE,2020,renewable,0.4909
IE,2020,nuclear,0.0
IE,2021,non-renewable,0.5531
IE,2021,renewable,0.4429
IE,2021,nuclear,0.0
IE,2022,non-renewable,0.5455
IE,2022,renewable,0.4512
IE,2022,nuclear,0.0
IE,2023,non-renewable,0.4976
IE,2023,renewable,0.5021
IE,2023,nuclear,0.0
IE,2024,non-renewable,0.4877
IE,2024,renewable,0.5108
IE,2024,nuclear,0.0
IE,2025,non-renewable,0.4748
IE,2025,renewable,0.5237
IE,2025,nuclear,0.0
IE,2026,non-renewable,0.4528
IE,2026,renewable,0.5463
IE,2026,nuclear,0.0
IS,2020,non-renewable,0.0
IS,2020,renewable,1.0
IS,2020,nuclear,0.0
IS,2021,non-renewable,0.0
IS,2021,renewable,1.0
IS,2021,nuclear,0.0
IS,2022,non-renewable,0.0
IS,2022,renewable,1.0
IS,2022,nuclear,0.0
IS,2023,non-renewable,0.0
IS,2023,renewable,1.0
IS,2023,nuclear,0.0
IS,2024,non-renewable,0.0
IS,2024,renewable,1.0
IS,2024,nuclear,0.0
IS,2025,non-renewable,0.0
IS,2025,renewable,1.0
IS,2025,nuclear,0.0
IS,2026,non-renewable,0.0
IS,2026,renewable,1.0
IS,2026,nuclear,0.0
IT,2019,renewable,0.37
IT,2019,non-renewable,0.5319
IT,2019,nuclear,0.0
IT,2020,renewable,0.399
IT,2020,non-renewable,0.5268
IT,2020,nuclear,0.0
IT,2021,renewable,0.3891
IT,2021,non-renewable,0.5408
IT,2021,nuclear,0.0
IT,2022,renewable,0.3349
IT,2022,non-renewable,0.5924
IT,2022,nuclear,0.0
IT,2023,renewable,0.4213
IT,2023,non-renewable,0.5077
IT,2023,nuclear,0.0
IT,2024,renewable,0.477
IT,2024,non-renewable,0.4553
IT,2024,nuclear,0.0
IT,2025,renewable,0.4312
IT,2025,non-renewable,0.4949
IT,2025,nuclear,0.0
IT,2026,renewable,0.4363
IT,2026,non-renewable,0.489
IT,2026,nuclear,0.0
LT,2019,renewable,0.8021
LT,2019,non-renewable,0.1539
LT,2019,nuclear,0.0
LT,2020,renewable,0.6238
LT,2020,non-renewable,0.3471
LT,2020,nuclear,0.0
LT,2021,renewable,0.6698
LT,2021,non-renewable,0.2987
LT,2021,nuclear,0.0
LT,2022,renewable,0.7755
LT,2022,non-renewable,0.2102
LT,2022,nuclear,0.0
LT,2023,renewable,0.7826
LT,2023,non-renewable,0.1939
LT,2023,nuclear,0.0
LT,2024,renewable,0.7667
LT,2024,non-renewable,0.1968
LT,2024,nuclear,0.0
LT,2025,renewable,0.7109
LT,2025,non-renewable,0.2392
LT,2025,nuclear,0.0
LT,2026,renewable,0.8145
LT,2026,non-renewable,0.1289
LT,2026,nuclear,0.0
LU,2019,renewable,0.6545
LU,2019,non-renewable,0.3455
LU,2019,nuclear,0.0
LU,2020,renewable,0.7276
LU,2020,non-renewable,0.2724
LU,2020,nuclear,0.0
LU,2021,renewable,0.7369
LU,2021,non-renewable,0.2631
LU,2021,nuclear,0.0
LU,2022,renewable,0.8013
LU,2022,non-renewable,0.1987
LU,2022,nuclear,0.0
LU,2023,renewable,0.8642
LU,2023,non-renewable,0.1358
LU,2023,nuclear,0.0
LU,2024,renewable,0.8763
LU,2024,non-renewable,0.1237
LU,2024,nuclear,0.0
LU,2025,renewable,0.8853
LU,2025,non-renewable,0.1147
LU,2025,nuclear,0.0
LU,2026,renewable,0.907
LU,2026,non-renewable,0.093
LU,2026,nuclear,0.0
LV,2019,renewable,0.4497
LV,2019,non-renewable,0.4495
LV,2019,nuclear,0.0
LV,2020,renewable,0.5857
LV,2020,non-renewable,0.3104
LV,2020,nuclear,0.0
LV,2021,renewable,0.5858
LV,2021,non-renewable,0.328
LV,2021,nuclear,0.0
LV,2022,renewable,0.7008
LV,2022,non-renewable,0.244
LV,2022,nuclear,0.0
LV,2023,renewable,0.7355
LV,2023,non-renewable,0.2379
LV,2023,nuclear,0.0
LV,2024,renewable,0.7286
LV,2024,non-renewable,0.2714
LV,2024,nuclear,0.0
LV,2025,renewable,0.7277
LV,2025,non-renewable,0.2712
LV,2025,nuclear,0.0
LV,2026,renewable,0.7646
LV,2026,non-renewable,0.2241
LV,2026,nuclear,0.0
MD,2020,renewable,0.0537
MD,2020,non-renewable,0.9463
MD,2020,nuclear,0.0
MD,2021,renewable,0.0565
MD,2021,non-renewable,0.9435
MD,2021,nuclear,0.0
MD,2022,renewable,0.0613
MD,2022,non-renewable,0.9387
MD,2022,nuclear,0.0
MD,2023,renewable,0.0702
MD,2023,non-renewable,0.9298
MD,2023,nuclear,0.0
MD,2024,renewable,0.064
MD,2024,non-renewable,0.936
MD,2024,nuclear,0.0
MD,2025,renewable,0.2313
MD,2025,non-renewable,0.7687
MD,2025,nuclear,0.0
MD,2026,renewable,0.2698
MD,2026,non-renewable,0.7302
MD,2026,nuclear,0.0
ME,2019,non-renewable,0.4218
ME,2019,renewable,0.5782
ME,2019,nuclear,0.0
ME,2020,non-renewable,0.4789
ME,2020,renewable,0.5211
ME,2020,nuclear,0.0
ME,2021,non-renewable,0.3829
ME,2021,renewable,0.6171
ME,2021,nuclear,0.0
ME,2022,non-renewable,0.4785
ME,2022,renewable,0.5215
ME,2022,nuclear,0.0
ME,2023,renewable,0.6014
ME,2023,non-renewable,0.3986
ME,2023,nuclear,0.0
ME,2024,non-renewable,0.4142
ME,2024,renewable,0.5858
ME,2024,nuclear,0.0
ME,2025,non-renewable,0.2511
ME,2025,renewable,0.7489
ME,2025,nuclear,0.0
ME,2026,non-renewable,0.4075
ME,2026,renewable,0.5925
ME,2026,nuclear,0.0
MK,2019,non-renewable,0.816
MK,2019,renewable,0.184
MK,2019,nuclear,0.0
MK,2020,non-renewable,0.7729
MK,2020,renewable,0.2271
MK,2020,nuclear,0.0
MK,2021,non-renewable,0.7566
MK,2021,renewable,0.2434
MK,2021,nuclear,0.0
MK,2022,non-renewable,0.7843
MK,2022,renewable,0.2157
MK,2022,nuclear,0.0
MK,2023,non-renewable,0.7743
MK,2023,renewable,0.2257
MK,2023,nuclear,0.0
MK,2024,non-renewable,0.7652
MK,2024,renewable,0.2348
MK,2024,nuclear,0.0
MK,2025,non-renewable,0.7728
MK,2025,renewable,0.2272
MK,2025,nuclear,0.0
MK,2026,non-renewable,0.5811
MK,2026,renewable,0.4189
MK,2026,nuclear,0.0
NL,2019,renewable,0.0626
NL,2019,non-renewable,0.5823
NL,2019,nuclear,0.0339
NL,2020,renewable,0.0912
NL,2020,non-renewable,0.6006
NL,2020,nuclear,0.0343
NL,2021,renewable,0.1204
NL,2021,non-renewable,0.5966
NL,2021,nuclear,0.0332
NL,2022,renewable,0.1411
NL,2022,non-renewable,0.539
NL,2022,nuclear,0.036
NL,2023,renewable,0.1898
NL,2023,non-renewable,0.424
NL,2023,nuclear,0.0347
NL,2024,renewable,0.2213
NL,2024,non-renewable,0.399
NL,2024,nuclear,0.0319
NL,2025,renewable,0.2056
NL,2025,non-renewable,0.4315
NL,2025,nuclear,0.0323
NL,2026,renewable,0.1969
NL,2026,non-renewable,0.435
NL,2026,nuclear,0.0259
NO,2019,non-renewable,0.0222
NO,2019,renewable,0.9764
NO,2019,nuclear,0.0
NO,2020,non-renewable,0.0143
NO,2020,renewable,0.9839
NO,2020,nuclear,0.0
NO,2021,non-renewable,0.0063
NO,2021,renewable,0.9937
NO,2021,nuclear,0.0
NO,2022,renewable,0.9897
NO,2022,non-renewable,0.0103
NO,2022,nuclear,0.0
NO,2023,renewable,0.9886
NO,2023,non-renewable,0.0114
NO,2023,nuclear,0.0
NO,2024,renewable,0.9876
NO,2024,non-renewable,0.0124
NO,2024,nuclear,0.0
NO,2025,renewable,0.9915
NO,2025,non-renewable,0.0085
NO,2025,nuclear,0.0
NO,2026,renewable,0.9887
NO,2026,non-renewable,0.0113
NO,2026,nuclear,0.0
PL,2019,renewable,0.1308
PL,2019,non-renewable,0.8692
PL,2019,nuclear,0.0
PL,2020,renewable,0.1541
PL,2020,non-renewable,0.8459
PL,2020,nuclear,0.0
PL,2021,renewable,0.1526
PL,2021,non-renewable,0.8474
PL,2021,nuclear,0.0
PL,2022,renewable,0.1997
PL,2022,non-renewable,0.8003
PL,2022,nuclear,0.0
PL,2023,renewable,0.2677
PL,2023,non-renewable,0.7323
PL,2023,nuclear,0.0
PL,2024,renewable,0.2952
PL,2024,non-renewable,0.6862
PL,2024,nuclear,0.0
PL,2025,renewable,0.2957
PL,2025,non-renewable,0.6716
PL,2025,nuclear,0.0
PL,2026,renewable,0.3169
PL,2026,non-renewable,0.6519
PL,2026,nuclear,0.0
PT,2019,renewable,0.5574
PT,2019,non-renewable,0.435
PT,2019,nuclear,0.0
PT,2020,renewable,0.6149
PT,2020,non-renewable,0.3802
PT,2020,nuclear,0.0
PT,2021,renewable,0.669
PT,2021,non-renewable,0.326
PT,2021,nuclear,0.0
PT,2022,renewable,0.623
PT,2022,non-renewable,0.3726
PT,2022,nuclear,0.0
PT,2023,renewable,0.7719
PT,2023,non-renewable,0.2238
PT,2023,nuclear,0.0
PT,2024,renewable,0.8871
PT,2024,non-renewable,0.1075
PT,2024,nuclear,0.0
PT,2025,renewable,0.8378
PT,2025,non-renewable,0.1576
PT,2025,nuclear,0.0
PT,2026,renewable,0.8399
PT,2026,non-renewable,0.1553
PT,2026,nuclear,0.0
RO,2019,renewable,0.4125
RO,2019,non-renewable,0.3952
RO,2019,nuclear,0.1924
RO,2020,renewable,0.4353
RO,2020,non-renewable,0.3573
RO,2020,nuclear,0.2074
RO,2021,renewable,0.4393
RO,2021,non-renewable,0.3685
RO,2021,nuclear,0.1923
RO,2022,renewable,0.415
RO,2022,non-renewable,0.3836
RO,2022,nuclear,0.2014
RO,2023,renewable,0.4883
RO,2023,non-renewable,0.3137
RO,2023,nuclear,0.198
RO,2024,renewable,0.4518
RO,2024,non-renewable,0.3368
RO,2024,nuclear,0.2114
RO,2025,renewable,0.445
RO,2025,non-renewable,0.3388
RO,2025,nuclear,0.2123
RO,2026,renewable,0.5285
RO,2026,non-renewable,0.3133
RO,2026,nuclear,0.1476
RS,2019,renewable,0.3042
RS,2019,non-renewable,0.6817
RS,2019,nuclear,0.0
RS,2020,renewable,0.2867
RS,2020,non-renewable,0.7035
RS,2020,nuclear,0.0
RS,2021,renewable,0.351
RS,2021,non-renewable,0.6277
RS,2021,nuclear,0.0
RS,2022,renewable,0.3094
RS,2022,non-renewable,0.6825
RS,2022,nuclear,0.0
RS,2023,renewable,0.3845
RS,2023,non-renewable,0.609
RS,2023,nuclear,0.0
RS,2024,renewable,0.342
RS,2024,non-renewable,0.6511
RS,2024,nuclear,0.0
RS,2025,renewable,0.3007
RS,2025,non-renewable,0.693
RS,2025,nuclear,0.0
RS,2026,renewable,0.3517
RS,2026,non-renewable,0.6415
RS,2026,nuclear,0.0
SE,2019,renewable,0.5367
SE,2019,nuclear,0.4066
SE,2019,non-renewable,0.0
SE,2020,renewable,0.6482
SE,2020,nuclear,0.3077
SE,2020,non-renewable,0.0
SE,2021,renewable,0.6245
SE,2021,nuclear,0.3201
SE,2021,non-renewable,0.0
SE,2022,non-renewable,0.0
SE,2022,renewable,0.6375
SE,2022,nuclear,0.3095
SE,2023,non-renewable,0.0
SE,2023,renewable,0.6531
SE,2023,nuclear,0.3001
SE,2024,non-renewable,0.0
SE,2024,renewable,0.6623
SE,2024,nuclear,0.3008
SE,2025,non-renewable,0.0001
SE,2025,renewable,0.685
SE,2025,nuclear,0.2789
SE,2026,non-renewable,0.0003
SE,2026,renewable,0.6935
SE,2026,nuclear,0.261
SI,2019,renewable,0.3283
SI,2019,non-renewable,0.2995
SI,2019,nuclear,0.3721
SI,2020,renewable,0.3427
SI,2020,non-renewable,0.2772
SI,2020,nuclear,0.3802
SI,2021,renewable,0.355
SI,2021,non-renewable,0.2752
SI,2021,nuclear,0.3699
SI,2022,renewable,0.2951
SI,2022,non-renewable,0.2725
SI,2022,nuclear,0.4324
SI,2023,renewable,0.3889
SI,2023,non-renewable,0.2359
SI,2023,nuclear,0.3752
SI,2024,renewable,0.394
SI,2024,non-renewable,0.2426
SI,2024,nuclear,0.3634
SI,2025,renewable,0.3781
SI,2025,non-renewable,0.2095
SI,2025,nuclear,0.4123
SI,2026,renewable,0.4006
SI,2026,non-renewable,0.1505
SI,2026,nuclear,0.4489
SK,2019,renewable,0.2293
SK,2019,non-renewable,0.1747
SK,2019,nuclear,0.5512
SK,2020,renewable,0.2367
SK,2020,non-renewable,0.1733
SK,2020,nuclear,0.5478
SK,2021,renewable,0.2189
SK,2021,non-renewable,0.1968
SK,2021,nuclear,0.5377
SK,2022,renewable,0.2138
SK,2022,non-renewable,0.1326
SK,2022,nuclear,0.6071
SK,2023,renewable,0.2274
SK,2023,non-renewable,0.116
SK,2023,nuclear,0.6225
SK,2024,renewable,0.247
SK,2024,non-renewable,0.1035
SK,2024,nuclear,0.6174
SK,2025,renewable,0.1932
SK,2025,non-renewable,0.114
SK,2025,nuclear,0.6643
SK,2026,renewable,0.1932
SK,2026,non-renewable,0.112
SK,2026,nuclear,0.6688
UA,2021,non-renewable,0.3033
UA,2021,renewable,0.1106
UA,2021,nuclear,0.5856
UA,2022,non-renewable,0.2929
UA,2022,renewable,0.1038
UA,2022,nuclear,0.6023
UK,2019,renewable,0.3164
UK,2019,non-renewable,0.4746
UK,2019,nuclear,0.206
UK,2020,renewable,0.3815
UK,2020,non-renewable,0.4153
UK,2020,nuclear,0.1978
UK,2021,renewable,0.4283
UK,2021,non-renewable,0.3606
UK,2021,nuclear,0.2057
UK,2022,non-renewable,0.4602
UK,2022,renewable,0.5389
UK,2022,nuclear,0.0
UK,2023,non-renewable,0.4633
UK,2023,renewable,0.5365
UK,2023,nuclear,0.0
UK,2024,non-renewable,0.4909
UK,2024,renewable,0.509
UK,2024,nuclear,0.0
UK,2025,non-renewable,0.3869
UK,2025,renewable,0.6131
UK,2025,nuclear,0.0
UK,2026,non-renewable,0.4037
UK,2026,renewable,0.5963
UK,2026,nuclear,0.0
XK,2021,non-renewable,0.9887
XK,2021,renewable,0.0113
XK,2021,nuclear,0.0
XK,2022,non-renewable,0.9576
XK,2022,renewable,0.0424
XK,2022,nuclear,0.0
XK,2023,non-renewable,0.978
XK,2023,renewable,0.022
XK,2023,nuclear,0.0
XK,2024,non-renewable,1.0
XK,2024,renewable,0.0
XK,2024,nuclear,0.0
XK,2025,non-renewable,1.0
XK,2025,renewable,0.0
XK,2025,nuclear,0.0
XK,2026,non-renewable,1.0
XK,2026,renewable,0.0
XK,2026,nuclear,0.0
