date,product,twh,mt.co2,twh.share,mt.co2.share
2019-01-01,oil,9.3594,2.5542,0.3385,0.4047
2019-01-01,coal,4.7403,1.3473,0.1715,0.2135
2019-01-01,gas,13.5467,2.4096,0.49,0.3818
2019-02-01,oil,8.7502,2.3956,0.3727,0.4381
2019-02-01,coal,4.3579,1.2441,0.1856,0.2275
2019-02-01,gas,10.372,1.829,0.4417,0.3344
2019-03-01,oil,9.6287,2.5818,0.4292,0.4901
2019-03-01,coal,4.3073,1.201,0.192,0.228
2019-03-01,gas,8.5003,1.4855,0.3789,0.282
2019-04-01,oil,9.8746,2.6248,0.4607,0.5104
2019-04-01,coal,4.691,1.3294,0.2189,0.2585
2019-04-01,gas,6.8664,1.1885,0.3204,0.2311
2019-05-01,oil,10.1961,2.6934,0.494,0.5424
2019-05-01,coal,4.4049,1.237,0.2134,0.2491
2019-05-01,gas,6.0391,1.0354,0.2926,0.2085
2019-06-01,oil,10.1958,2.6897,0.557,0.6059
2019-06-01,coal,3.8181,1.0361,0.2086,0.2334
2019-06-01,gas,4.2915,0.7131,0.2344,0.1606
2019-07-01,oil,11.4458,2.9991,0.5637,0.6059
2019-07-01,coal,4.2043,1.1696,0.2071,0.2363
2019-07-01,gas,4.6535,0.7812,0.2292,0.1578
2019-08-01,oil,10.4896,2.7507,0.5271,0.5712
2019-08-01,coal,4.3016,1.1965,0.2162,0.2485
2019-08-01,gas,5.1085,0.8686,0.2567,0.1804
2019-09-01,oil,10.507,2.7821,0.5023,0.5615
2019-09-01,coal,3.7516,1.0253,0.1793,0.2069
2019-09-01,gas,6.6596,1.1476,0.3184,0.2316
2019-10-01,oil,10.7943,2.8653,0.4676,0.53
2019-10-01,coal,4.0176,1.097,0.174,0.2029
2019-10-01,gas,8.2728,1.4437,0.3584,0.267
2019-11-01,oil,9.3694,2.5368,0.4045,0.4757
2019-11-01,coal,3.8465,1.0479,0.1661,0.1965
2019-11-01,gas,9.948,1.7484,0.4295,0.3278
2019-12-01,oil,8.9165,2.4109,0.3776,0.4571
2019-12-01,coal,3.3611,0.8608,0.1424,0.1632
2019-12-01,gas,11.3337,2.0028,0.48,0.3797
2020-01-01,oil,9.1684,2.4953,0.349,0.424
2020-01-01,coal,3.8812,1.0402,0.1477,0.1767
2020-01-01,gas,13.223,2.3499,0.5033,0.3993
2020-02-01,oil,9.4757,2.5904,0.4135,0.4893
2020-02-01,coal,3.7672,1.003,0.1644,0.1895
2020-02-01,gas,9.6742,1.7002,0.4221,0.3212
2020-03-01,oil,9.0331,2.5302,0.4106,0.4939
2020-03-01,coal,3.6273,0.9537,0.1649,0.1862
2020-03-01,gas,9.3386,1.6387,0.4245,0.3199
2020-04-01,oil,7.0501,2.1132,0.4396,0.5469
2020-04-01,coal,2.8667,0.7012,0.1787,0.1815
2020-04-01,gas,6.1209,1.0495,0.3817,0.2716
2020-05-01,oil,7.7603,2.2873,0.4934,0.5905
2020-05-01,coal,3.0495,0.7566,0.1939,0.1953
2020-05-01,gas,4.919,0.8295,0.3127,0.2141
2020-06-01,oil,8.0588,2.3583,0.5346,0.6268
2020-06-01,coal,2.9264,0.7199,0.1941,0.1913
2020-06-01,gas,4.0896,0.6843,0.2713,0.1819
2020-07-01,oil,9.1566,2.6083,0.5554,0.6439
2020-07-01,coal,2.9075,0.6968,0.1764,0.172
2020-07-01,gas,4.4226,0.7458,0.2683,0.1841
2020-08-01,oil,8.5777,2.4301,0.541,0.6254
2020-08-01,coal,2.9854,0.7342,0.1883,0.1889
2020-08-01,gas,4.2918,0.7216,0.2707,0.1857
2020-09-01,oil,9.0249,2.5565,0.529,0.6134
2020-09-01,coal,3.0129,0.7547,0.1766,0.1811
2020-09-01,gas,5.0221,0.8566,0.2944,0.2055
2020-10-01,oil,8.7168,2.5032,0.4347,0.5252
2020-10-01,coal,3.3081,0.8513,0.165,0.1786
2020-10-01,gas,8.0258,1.4115,0.4003,0.2962
2020-11-01,oil,7.604,2.2429,0.3634,0.4622
2020-11-01,coal,3.1579,0.8038,0.1509,0.1656
2020-11-01,gas,10.1625,1.8062,0.4857,0.3722
2020-12-01,oil,7.1755,2.1205,0.3155,0.4083
2020-12-01,coal,3.5033,0.9145,0.154,0.1761
2020-12-01,gas,12.068,2.1582,0.5305,0.4156
2021-01-01,oil,6.2328,1.8778,0.2732,0.3641
2021-01-01,coal,3.6054,0.9534,0.158,0.1849
2021-01-01,gas,12.9737,2.3255,0.5687,0.451
2021-02-01,oil,7.0635,2.0915,0.3387,0.4331
2021-02-01,coal,3.2138,0.8552,0.1541,0.1771
2021-02-01,gas,10.5759,1.8825,0.5072,0.3898
2021-03-01,oil,8.3095,2.4214,0.3728,0.4628
2021-03-01,coal,3.6034,0.964,0.1616,0.1843
2021-03-01,gas,10.3792,1.8462,0.4656,0.3529
2021-04-01,oil,8.2073,2.37,0.4082,0.4979
2021-04-01,coal,3.3354,0.879,0.1659,0.1847
2021-04-01,gas,8.5631,1.5107,0.4259,0.3174
2021-05-01,oil,8.3693,2.4058,0.4679,0.5464
2021-05-01,coal,3.6864,0.9915,0.2061,0.2252
2021-05-01,gas,5.8314,1.0061,0.326,0.2285
2021-06-01,oil,9.0687,2.5597,0.5424,0.6104
2021-06-01,coal,3.505,0.9395,0.2096,0.224
2021-06-01,gas,4.1448,0.6945,0.2479,0.1656
2021-07-01,oil,9.5075,2.623,0.5526,0.6151
2021-07-01,coal,3.6054,0.9565,0.2095,0.2243
2021-07-01,gas,4.0928,0.6849,0.2379,0.1606
2021-08-01,oil,9.6932,2.6468,0.5598,0.6199
2021-08-01,coal,3.5433,0.941,0.2046,0.2204
2021-08-01,gas,4.0786,0.6823,0.2355,0.1598
2021-09-01,oil,9.9408,2.7347,0.5545,0.6263
2021-09-01,coal,3.1866,0.8165,0.1777,0.187
2021-09-01,gas,4.8006,0.8156,0.2678,0.1868
2021-10-01,oil,9.8849,2.7366,0.4618,0.5392
2021-10-01,coal,3.5455,0.9362,0.1656,0.1845
2021-10-01,gas,7.9769,1.4024,0.3726,0.2763
2021-11-01,oil,8.6888,2.4349,0.3724,0.4623
2021-11-01,coal,3.4763,0.9222,0.149,0.1751
2021-11-01,gas,11.1652,1.9097,0.4786,0.3626
2021-12-01,oil,8.2525,2.3238,0.3442,0.4259
2021-12-01,coal,3.5748,0.9353,0.1491,0.1714
2021-12-01,gas,12.1473,2.1973,0.5067,0.4027
2022-01-01,oil,7.5429,2.1386,0.3259,0.4067
2022-01-01,coal,3.6509,0.962,0.1577,0.183
2022-01-01,gas,11.9505,2.1574,0.5163,0.4103
2022-02-01,oil,8.0391,2.2804,0.3782,0.467
2022-02-01,coal,3.1851,0.7982,0.1498,0.1635
2022-02-01,gas,10.034,1.8043,0.472,0.3695
2022-03-01,oil,9.2468,2.5797,0.3983,0.4766
2022-03-01,coal,3.6214,0.9703,0.156,0.1792
2022-03-01,gas,10.3492,1.8632,0.4458,0.3442
2022-04-01,oil,8.1039,2.2337,0.43,0.5019
2022-04-01,coal,3.4501,0.9251,0.1831,0.2079
2022-04-01,gas,7.2909,1.2916,0.3869,0.2902
2022-05-01,oil,9.0777,2.478,0.5217,0.5838
2022-05-01,coal,3.4945,0.9352,0.2008,0.2203
2022-05-01,gas,4.8294,0.8315,0.2775,0.1959
2022-06-01,oil,8.2657,2.2819,0.5379,0.6025
2022-06-01,coal,3.2318,0.8535,0.2103,0.2254
2022-06-01,gas,3.8677,0.6517,0.2517,0.1721
2022-07-01,oil,8.485,2.3484,0.547,0.6037
2022-07-01,coal,3.4265,0.9397,0.2209,0.2416
2022-07-01,gas,3.6007,0.6018,0.2321,0.1547
2022-08-01,oil,8.6063,2.3804,0.5686,0.6288
2022-08-01,coal,3.2405,0.8617,0.2141,0.2276
2022-08-01,gas,3.2889,0.5435,0.2173,0.1436
2022-09-01,oil,9.673,2.6532,0.5494,0.6208
2022-09-01,coal,3.0597,0.7804,0.1738,0.1826
2022-09-01,gas,4.8751,0.84,0.2769,0.1966
2022-10-01,oil,8.0387,2.1995,0.4669,0.5342
2022-10-01,coal,3.397,0.8922,0.1973,0.2167
2022-10-01,gas,5.7801,1.0254,0.3357,0.2491
2022-11-01,oil,7.9592,2.2055,0.4101,0.4857
2022-11-01,coal,3.1989,0.8415,0.1648,0.1853
2022-11-01,gas,8.251,1.4942,0.4251,0.329
2022-12-01,oil,8.5357,2.34,0.3909,0.4644
2022-12-01,coal,3.3409,0.8811,0.153,0.1749
2022-12-01,gas,9.9577,1.818,0.4561,0.3608
2023-01-01,oil,7.0179,1.9375,0.351,0.4297
2023-01-01,coal,3.3489,0.8736,0.1675,0.1938
2023-01-01,gas,9.6258,1.6974,0.4815,0.3765
2023-02-01,oil,7.5102,2.0888,0.3949,0.4761
2023-02-01,coal,2.8255,0.7159,0.1486,0.1631
2023-02-01,gas,8.6814,1.583,0.4565,0.3608
2023-03-01,oil,8.5463,2.3072,0.4398,0.5049
2023-03-01,coal,3.4167,0.9104,0.1758,0.1992
2023-03-01,gas,7.4675,1.3517,0.3843,0.2958
2023-04-01,oil,8.4323,2.2671,0.4695,0.5266
2023-04-01,coal,3.247,0.8487,0.1808,0.1971
2023-04-01,gas,6.2822,1.1892,0.3498,0.2762
2023-05-01,oil,8.9096,2.3646,0.5286,0.5858
2023-05-01,coal,3.3314,0.8698,0.1977,0.2155
2023-05-01,gas,4.613,0.8025,0.2737,0.1988
2023-06-01,oil,9.1475,2.4293,0.585,0.6359
2023-06-01,coal,3.2156,0.8419,0.2056,0.2204
2023-06-01,gas,3.2746,0.549,0.2094,0.1437
2023-07-01,oil,9.142,2.4037,0.5763,0.6217
2023-07-01,coal,3.4288,0.91,0.2161,0.2354
2023-07-01,gas,3.293,0.5525,0.2076,0.1429
2023-08-01,oil,8.9285,2.3643,0.5975,0.6557
2023-08-01,coal,2.9317,0.7291,0.1962,0.2022
2023-08-01,gas,3.0823,0.5126,0.2063,0.1421
2023-09-01,oil,8.6311,2.2917,0.5654,0.6288
2023-09-01,coal,2.8446,0.7066,0.1864,0.1939
2023-09-01,gas,3.7888,0.6464,0.2482,0.1773
2023-10-01,oil,8.9761,2.389,0.5168,0.5791
2023-10-01,coal,3.1798,0.8207,0.1831,0.1989
2023-10-01,gas,5.2114,0.9158,0.3001,0.222
2023-11-01,oil,8.2659,2.2461,0.4267,0.4958
2023-11-01,coal,3.3283,0.8825,0.1718,0.1948
2023-11-01,gas,7.7788,1.4021,0.4015,0.3095
2023-12-01,oil,8.1775,2.2141,0.3887,0.4583
2023-12-01,coal,3.4044,0.8971,0.1618,0.1857
2023-12-01,gas,9.4579,1.7201,0.4495,0.356
2024-01-01,oil,7.2819,1.9871,0.3394,0.4075
2024-01-01,coal,3.5179,0.9424,0.164,0.1933
2024-01-01,gas,10.6556,1.9469,0.4966,0.3993
2024-02-01,oil,7.0897,1.9365,0.4055,0.4739
2024-02-01,coal,3.1665,0.852,0.1811,0.2085
2024-02-01,gas,7.2263,1.2974,0.4133,0.3175
2024-03-01,oil,7.8565,2.1094,0.4409,0.5013
2024-03-01,coal,3.5371,0.9525,0.1985,0.2264
2024-03-01,gas,6.4265,1.1459,0.3606,0.2723
2024-04-01,oil,8.1814,2.1772,0.4939,0.5493
2024-04-01,coal,3.3781,0.9096,0.2039,0.2295
2024-04-01,gas,5.0053,0.8768,0.3022,0.2212
2024-05-01,oil,8.2555,2.1815,0.5323,0.5776
2024-05-01,coal,3.613,0.9767,0.2329,0.2586
2024-05-01,gas,3.6415,0.6185,0.2348,0.1638
2024-06-01,oil,8.393,2.1983,0.5536,0.5981
2024-06-01,coal,3.4184,0.9136,0.2255,0.2486
2024-06-01,gas,3.3497,0.5632,0.2209,0.1533
2024-07-01,oil,9.1455,2.3929,0.6021,0.6568
2024-07-01,coal,2.9478,0.7351,0.1941,0.2018
2024-07-01,gas,3.0973,0.5154,0.2039,0.1415
2024-08-01,oil,9.0568,2.3355,0.6016,0.6532
2024-08-01,coal,2.9575,0.7357,0.1965,0.2057
2024-08-01,gas,3.0398,0.5045,0.2019,0.1411
2024-09-01,oil,8.8449,2.3072,0.5715,0.6351
2024-09-01,coal,2.6893,0.6503,0.1738,0.179
2024-09-01,gas,3.942,0.6754,0.2547,0.1859
2024-10-01,oil,9.2917,2.4441,0.525,0.5922
2024-10-01,coal,2.8732,0.7064,0.1624,0.1712
2024-10-01,gas,5.5328,0.9767,0.3126,0.2366
2024-11-01,oil,7.9448,2.1453,0.3835,0.4578
2024-11-01,coal,2.9455,0.751,0.1422,0.1603
2024-11-01,gas,9.8275,1.7901,0.4744,0.382
2024-12-01,oil,7.7968,2.0852,0.3686,0.4388
2024-12-01,coal,3.0901,0.7936,0.1461,0.167
2024-12-01,gas,10.2672,1.8734,0.4854,0.3942
2025-01-01,oil,7.0119,1.8924,0.3276,0.3975
2025-01-01,coal,3.1519,0.8104,0.1472,0.1702
2025-01-01,gas,11.2418,2.0579,0.5252,0.4323
2025-02-01,oil,6.9292,1.8833,0.347,0.422
2025-02-01,coal,2.7154,0.6948,0.136,0.1557
2025-02-01,gas,10.325,1.8843,0.517,0.4223
2025-03-01,oil,7.8159,2.0864,0.4069,0.4766
2025-03-01,coal,3.2473,0.8457,0.1691,0.1932
2025-03-01,gas,8.145,1.4452,0.424,0.3302
2025-04-01,oil,8.2416,2.1626,0.4885,0.5466
2025-04-01,coal,3.0903,0.8124,0.1832,0.2053
2025-04-01,gas,5.5398,0.9817,0.3283,0.2481
2025-05-01,oil,8.3131,2.1584,0.5256,0.5733
2025-05-01,coal,3.3827,0.8941,0.2139,0.2375
2025-05-01,gas,4.1221,0.7122,0.2606,0.1892
2025-06-01,oil,8.3968,2.1707,0.5754,0.621
2025-06-01,coal,3.0217,0.7923,0.2071,0.2267
2025-06-01,gas,3.1751,0.5322,0.2176,0.1523
2025-07-01,oil,8.705,2.2466,0.5664,0.6117
2025-07-01,coal,3.2324,0.851,0.2103,0.2317
2025-07-01,gas,3.4321,0.5751,0.2233,0.1566
2025-08-01,oil,8.1063,2.0777,0.5537,0.5936
2025-08-01,coal,3.3528,0.8961,0.229,0.256
2025-08-01,gas,3.1813,0.5263,0.2173,0.1504
2025-09-01,oil,8.3089,2.1621,0.5484,0.5965
2025-09-01,coal,3.1507,0.8319,0.2079,0.2295
2025-09-01,gas,3.6925,0.6306,0.2437,0.174
2025-10-01,oil,8.866,2.322,0.4608,0.5182
2025-10-01,coal,3.4121,0.9126,0.1773,0.2037
2025-10-01,gas,6.9626,1.2461,0.3619,0.2781
2025-11-01,oil,7.3314,1.966,0.3762,0.4474
2025-11-01,coal,3.0214,0.7802,0.155,0.1776
2025-11-01,gas,9.1345,1.6482,0.4687,0.3751
2025-12-01,oil,7.8123,2.0765,0.3684,0.4355
2025-12-01,coal,3.1793,0.8213,0.1499,0.1723
2025-12-01,gas,10.2146,1.8701,0.4817,0.3922
2026-01-01,oil,7.1728,1.9178,0.3091,0.3761
2026-01-01,coal,3.291,0.8716,0.1418,0.1709
2026-01-01,gas,12.7408,2.3101,0.5491,0.453
2026-02-01,oil,7.0228,1.8985,0.3642,0.4363
2026-02-01,coal,2.7981,0.7227,0.1451,0.1661
2026-02-01,gas,9.4607,1.7306,0.4907,0.3977
2026-03-01,oil,8.5706,2.2771,0.4487,0.5118
2026-03-01,coal,3.2332,0.8539,0.1693,0.1919
2026-03-01,gas,7.296,1.3183,0.382,0.2963
2026-04-01,oil,7.846,2.0888,0.4687,0.5297
2026-04-01,coal,3.174,0.8363,0.1896,0.2121
2026-04-01,gas,5.7207,1.0183,0.3417,0.2582
2026-05-01,oil,7.3708,1.9332,0.5065,0.5588
2026-05-01,coal,3.2178,0.8431,0.2211,0.2437
2026-05-01,gas,3.9628,0.6835,0.2723,0.1976
2026-06-01,oil,8.0866,2.1155,0.5591,0.6029
2026-06-01,coal,3.226,0.8647,0.223,0.2464
2026-06-01,gas,3.1511,0.5289,0.2179,0.1507
2026-07-01,oil,8.7322,2.2692,0.5771,0.6189
2026-07-01,coal,3.2746,0.8737,0.2164,0.2383
2026-07-01,gas,3.124,0.5238,0.2065,0.1428
