week,fuel,price
2020-12-28,diesel,1.0214
2020-12-28,petrol,1.0672
2021-01-04,diesel,1.0297
2021-01-04,petrol,1.0756
2021-01-11,diesel,1.0476
2021-01-11,petrol,1.0978
2021-01-18,diesel,1.0565
2021-01-18,petrol,1.1106
2021-01-25,diesel,1.0593
2021-01-25,petrol,1.1148
2021-02-01,diesel,1.0687
2021-02-01,petrol,1.1244
2021-02-08,diesel,1.0872
2021-02-08,petrol,1.139
2021-02-15,diesel,1.101
2021-02-15,petrol,1.1484
2021-02-22,diesel,1.1149
2021-02-22,petrol,1.1639
2021-03-01,diesel,1.1246
2021-03-01,petrol,1.1777
2021-03-08,diesel,1.1332
2021-03-08,petrol,1.1915
2021-03-15,diesel,1.1428
2021-03-15,petrol,1.2036
2021-03-22,diesel,1.1396
2021-03-22,petrol,1.2025
2021-03-29,diesel,1.1384
2021-03-29,petrol,1.2057
2021-04-05,diesel,1.1347
2021-04-05,petrol,1.2057
2021-04-12,diesel,1.14
2021-04-12,petrol,1.212
2021-04-19,diesel,1.1421
2021-04-19,petrol,1.2179
2021-04-26,diesel,1.1428
2021-04-26,petrol,1.2196
2021-05-03,diesel,1.1532
2021-05-03,petrol,1.2316
2021-05-10,diesel,1.1619
2021-05-10,petrol,1.2398
2021-05-17,diesel,1.1625
2021-05-17,petrol,1.2361
2021-05-24,diesel,1.1617
2021-05-24,petrol,1.2363
2021-05-31,diesel,1.1662
2021-05-31,petrol,1.2396
2021-06-07,diesel,1.1761
2021-06-07,petrol,1.2466
2021-06-14,diesel,1.1846
2021-06-14,petrol,1.2526
2021-06-21,diesel,1.1944
2021-06-21,petrol,1.2619
2021-06-28,diesel,1.203
2021-06-28,petrol,1.2724
2021-07-05,diesel,1.2124
2021-07-05,petrol,1.2845
2021-07-12,diesel,1.2144
2021-07-12,petrol,1.2883
2021-07-19,diesel,1.2116
2021-07-19,petrol,1.2873
2021-07-26,diesel,1.2116
2021-07-26,petrol,1.2872
2021-08-02,diesel,1.2153
2021-08-02,petrol,1.2952
2021-08-09,diesel,1.2108
2021-08-09,petrol,1.2964
2021-08-16,diesel,1.2088
2021-08-16,petrol,1.2936
2021-08-23,diesel,1.2078
2021-08-23,petrol,1.2886
2021-08-30,diesel,1.2125
2021-08-30,petrol,1.2906
2021-09-06,diesel,1.2194
2021-09-06,petrol,1.2977
2021-09-13,diesel,1.2241
2021-09-13,petrol,1.2968
2021-09-20,diesel,1.2387
2021-09-20,petrol,1.3035
2021-09-27,diesel,1.2626
2021-09-27,petrol,1.3149
2021-10-04,diesel,1.3061
2021-10-04,petrol,1.3433
2021-10-11,diesel,1.3523
2021-10-11,petrol,1.378
2021-10-18,diesel,1.3731
2021-10-18,petrol,1.3899
2021-10-25,diesel,1.3796
2021-10-25,petrol,1.3936
2021-11-01,diesel,1.3862
2021-11-01,petrol,1.4063
2021-11-08,diesel,1.3983
2021-11-08,petrol,1.4253
2021-11-15,diesel,1.3941
2021-11-15,petrol,1.4231
2021-11-22,diesel,1.3888
2021-11-22,petrol,1.4198
2021-11-29,diesel,1.3794
2021-11-29,petrol,1.4079
2021-12-06,diesel,1.3626
2021-12-06,petrol,1.3839
2021-12-13,diesel,1.3578
2021-12-13,petrol,1.3773
2021-12-20,diesel,1.3501
2021-12-20,petrol,1.3682
2021-12-27,diesel,1.3485
2021-12-27,petrol,1.3676
2022-01-03,diesel,1.3514
2022-01-03,petrol,1.3707
2022-01-10,diesel,1.371
2022-01-10,petrol,1.3847
2022-01-17,diesel,1.3885
2022-01-17,petrol,1.4001
2022-01-24,diesel,1.3976
2022-01-24,petrol,1.4103
2022-01-31,diesel,1.414
2022-01-31,petrol,1.4253
2022-02-07,diesel,1.4309
2022-02-07,petrol,1.4415
2022-02-14,diesel,1.4482
2022-02-14,petrol,1.4619
2022-02-21,diesel,1.4666
2022-02-21,petrol,1.48
2022-02-28,diesel,1.5758
2022-02-28,petrol,1.5741
2022-03-07,diesel,1.917
2022-03-07,petrol,1.8291
2022-03-14,diesel,1.9378
2022-03-14,petrol,1.8406
2022-03-21,diesel,1.8446
2022-03-21,petrol,1.7277
2022-03-28,diesel,1.8582
2022-03-28,petrol,1.7315
2022-04-04,diesel,1.8056
2022-04-04,petrol,1.6925
2022-04-11,diesel,1.7789
2022-04-11,petrol,1.6783
2022-04-18,diesel,1.7957
2022-04-18,petrol,1.6908
2022-04-25,diesel,1.8098
2022-04-25,petrol,1.6978
2022-05-02,diesel,1.8578
2022-05-02,petrol,1.7341
2022-05-09,diesel,1.8537
2022-05-09,petrol,1.7531
2022-05-16,diesel,1.8339
2022-05-16,petrol,1.7875
2022-05-23,diesel,1.7994
2022-05-23,petrol,1.7998
2022-05-30,diesel,1.847
2022-05-30,petrol,1.8885
2022-06-06,diesel,1.9529
2022-06-06,petrol,1.9999
2022-06-13,diesel,2.0356
2022-06-13,petrol,2.0592
2022-06-20,diesel,2.0544
2022-06-20,petrol,2.0694
2022-06-27,diesel,2.0504
2022-06-27,petrol,2.0636
