year,day,temperature
2019,2020-01-01,0.69
2019,2020-01-02,0.61
2019,2020-01-03,0.4
2019,2020-01-04,0.1
2019,2020-01-05,-0.08
2019,2020-01-06,-0.2
2019,2020-01-07,-0.3
2019,2020-01-08,-0.29
2019,2020-01-09,-0.25
2019,2020-01-10,-0.17
2019,2020-01-11,-0.12
2019,2020-01-12,0.05
2019,2020-01-13,0.28
2019,2020-01-14,0.42
2019,2020-01-15,0.47
2019,2020-01-16,0.55
2019,2020-01-17,0.65
2019,2020-01-18,0.62
2019,2020-01-19,0.24
2019,2020-01-20,-0.1
2019,2020-01-21,-0.37
2019,2020-01-22,-0.6
2019,2020-01-23,-0.81
2019,2020-01-24,-1.0
2019,2020-01-25,-1.24
2019,2020-01-26,-1.34
2019,2020-01-27,-1.42
2019,2020-01-28,-1.51
2019,2020-01-29,-1.66
2019,2020-01-30,-1.75
2019,2020-01-31,-1.72
2019,2020-02-01,-1.59
2019,2020-02-02,-1.41
2019,2020-02-03,-1.36
2019,2020-02-04,-1.37
2019,2020-02-05,-1.5
2019,2020-02-06,-1.59
2019,2020-02-07,-1.6
2019,2020-02-08,-1.44
2019,2020-02-09,-1.39
2019,2020-02-10,-1.37
2019,2020-02-11,-1.35
2019,2020-02-12,-1.34
2019,2020-02-13,-1.31
2019,2020-02-14,-1.28
2019,2020-02-15,-1.17
2019,2020-02-16,-0.9
2019,2020-02-17,-0.64
2019,2020-02-18,-0.39
2019,2020-02-19,-0.04
2019,2020-02-20,0.33
2019,2020-02-21,0.68
2019,2020-02-22,1.01
2019,2020-02-23,1.03
2019,2020-02-24,1.04
2019,2020-02-25,1.24
2019,2020-02-26,1.55
2019,2020-02-27,1.87
2019,2020-02-28,2.29
2019,2020-03-01,2.53
2019,2020-03-02,2.51
2019,2020-03-03,2.68
2019,2020-03-04,2.99
2019,2020-03-05,3.3
2019,2020-03-06,3.63
2019,2020-03-07,4.0
2019,2020-03-08,4.21
2019,2020-03-09,4.39
2019,2020-03-10,4.59
2019,2020-03-11,4.62
2019,2020-03-12,4.68
2019,2020-03-13,4.74
2019,2020-03-14,4.79
2019,2020-03-15,4.9
2019,2020-03-16,5.09
2019,2020-03-17,5.3
2019,2020-03-18,5.33
2019,2020-03-19,5.28
2019,2020-03-20,5.2
2019,2020-03-21,5.14
2019,2020-03-22,5.24
2019,2020-03-23,5.6
2019,2020-03-24,5.95
2019,2020-03-25,5.97
2019,2020-03-26,5.85
2019,2020-03-27,5.76
2019,2020-03-28,5.66
2019,2020-03-29,5.66
2019,2020-03-30,5.79
2019,2020-03-31,5.89
2019,2020-04-01,5.93
2019,2020-04-02,6.08
2019,2020-04-03,6.24
2019,2020-04-04,6.28
2019,2020-04-05,6.3
2019,2020-04-06,6.33
2019,2020-04-07,6.35
2019,2020-04-08,6.58
2019,2020-04-09,6.87
2019,2020-04-10,7.04
2019,2020-04-11,7.11
2019,2020-04-12,7.07
2019,2020-04-13,6.96
2019,2020-04-14,6.81
2019,2020-04-15,6.95
2019,2020-04-16,7.15
2019,2020-04-17,7.39
2019,2020-04-18,7.64
2019,2020-04-19,7.82
2019,2020-04-20,7.95
2019,2020-04-21,8.06
2019,2020-04-22,8.31
2019,2020-04-23,8.55
2019,2020-04-24,8.93
2019,2020-04-25,9.3
2019,2020-04-26,9.53
2019,2020-04-27,9.58
2019,2020-04-28,9.5
2019,2020-04-29,9.41
2019,2020-04-30,9.31
2019,2020-05-01,9.31
2019,2020-05-02,9.42
2019,2020-05-03,9.5
2019,2020-05-04,9.5
2019,2020-05-05,9.28
2019,2020-05-06,9.11
2019,2020-05-07,8.97
2019,2020-05-08,9.04
2019,2020-05-09,9.18
2019,2020-05-10,9.41
2019,2020-05-11,9.64
2019,2020-05-12,9.74
2019,2020-05-13,9.75
2019,2020-05-14,9.67
2019,2020-05-15,9.52
2019,2020-05-16,9.42
2019,2020-05-17,9.36
2019,2020-05-18,9.36
2019,2020-05-19,9.41
2019,2020-05-20,9.37
2019,2020-05-21,9.39
2019,2020-05-22,9.3
2019,2020-05-23,9.15
2019,2020-05-24,9.18
2019,2020-05-25,9.39
2019,2020-05-26,9.7
2019,2020-05-27,9.99
2019,2020-05-28,10.17
2019,2020-05-29,10.16
2019,2020-05-30,10.09
2019,2020-05-31,10.24
2019,2020-06-01,10.57
2019,2020-06-02,11.14
2019,2020-06-03,11.67
2019,2020-06-04,12.15
2019,2020-06-05,12.52
2019,2020-06-06,12.81
2019,2020-06-07,13.09
2019,2020-06-08,13.32
2019,2020-06-09,13.75
2019,2020-06-10,14.24
2019,2020-06-11,14.81
2019,2020-06-12,15.4
2019,2020-06-13,15.89
2019,2020-06-14,16.34
2019,2020-06-15,16.72
2019,2020-06-16,16.9
2019,2020-06-17,17.16
2019,2020-06-18,17.49
2019,2020-06-19,17.79
2019,2020-06-20,18.04
2019,2020-06-21,18.21
2019,2020-06-22,18.32
2019,2020-06-23,18.39
2019,2020-06-24,18.63
2019,2020-06-25,19.03
2019,2020-06-26,19.58
2019,2020-06-27,20.1
2019,2020-06-28,20.37
2019,2020-06-29,20.51
2019,2020-06-30,20.71
2019,2020-07-01,20.87
2019,2020-07-02,20.89
2019,2020-07-03,20.85
2019,2020-07-04,20.9
2019,2020-07-05,20.95
2019,2020-07-06,21.13
2019,2020-07-07,21.13
2019,2020-07-08,20.95
2019,2020-07-09,20.73
2019,2020-07-10,20.51
2019,2020-07-11,20.32
2019,2020-07-12,20.08
2019,2020-07-13,19.78
2019,2020-07-14,19.68
2019,2020-07-15,19.58
2019,2020-07-16,19.48
2019,2020-07-17,19.42
2019,2020-07-18,19.39
2019,2020-07-19,19.41
2019,2020-07-20,19.56
2019,2020-07-21,19.66
2019,2020-07-22,19.68
2019,2020-07-23,19.68
2019,2020-07-24,19.63
2019,2020-07-25,19.61
2019,2020-07-26,19.73
2019,2020-07-27,19.7
2019,2020-07-28,19.49
2019,2020-07-29,19.31
2019,2020-07-30,19.32
2019,2020-07-31,19.35
2019,2020-08-01,19.37
2019,2020-08-02,19.29
2019,2020-08-03,19.07
2019,2020-08-04,19.03
2019,2020-08-05,19.16
2019,2020-08-06,19.33
2019,2020-08-07,19.52
2019,2020-08-08,19.63
2019,2020-08-09,19.84
2019,2020-08-10,20.09
2019,2020-08-11,20.3
2019,2020-08-12,20.43
2019,2020-08-13,20.39
2019,2020-08-14,20.28
2019,2020-08-15,20.19
2019,2020-08-16,20.07
2019,2020-08-17,19.91
2019,2020-08-18,19.99
2019,2020-08-19,19.97
2019,2020-08-20,19.85
2019,2020-08-21,19.56
2019,2020-08-22,19.28
2019,2020-08-23,19.08
2019,2020-08-24,19.08
2019,2020-08-25,19.12
2019,2020-08-26,19.16
2019,2020-08-27,19.16
2019,2020-08-28,19.23
2019,2020-08-29,19.26
2019,2020-08-30,19.35
2019,2020-08-31,19.53
2019,2020-09-01,19.63
2019,2020-09-02,19.48
2019,2020-09-03,19.28
2019,2020-09-04,19.1
2019,2020-09-05,18.97
2019,2020-09-06,18.67
2019,2020-09-07,18.34
2019,2020-09-08,17.99
2019,2020-09-09,17.67
2019,2020-09-10,17.53
2019,2020-09-11,17.49
2019,2020-09-12,17.48
2019,2020-09-13,17.51
2019,2020-09-14,17.46
2019,2020-09-15,17.24
2019,2020-09-16,17.16
2019,2020-09-17,17.03
2019,2020-09-18,16.9
2019,2020-09-19,16.65
2019,2020-09-20,16.29
2019,2020-09-21,15.98
2019,2020-09-22,15.75
2019,2020-09-23,15.5
2019,2020-09-24,15.25
2019,2020-09-25,14.95
2019,2020-09-26,14.69
2019,2020-09-27,14.51
2019,2020-09-28,14.24
2019,2020-09-29,14.04
2019,2020-09-30,14.05
2019,2020-10-01,14.06
2019,2020-10-02,13.92
2019,2020-10-03,13.63
2019,2020-10-04,13.44
2019,2020-10-05,13.33
2019,2020-10-06,13.18
2019,2020-10-07,13.01
2019,2020-10-08,12.88
2019,2020-10-09,12.75
2019,2020-10-10,12.55
2019,2020-10-11,12.29
2019,2020-10-12,12.09
2019,2020-10-13,11.92
2019,2020-10-14,11.72
2019,2020-10-15,11.61
2019,2020-10-16,11.56
2019,2020-10-17,11.58
2019,2020-10-18,11.63
2019,2020-10-19,11.6
2019,2020-10-20,11.59
2019,2020-10-21,11.6
2019,2020-10-22,11.55
2019,2020-10-23,11.55
2019,2020-10-24,11.55
2019,2020-10-25,11.42
2019,2020-10-26,11.32
2019,2020-10-27,11.2
2019,2020-10-28,10.96
2019,2020-10-29,10.66
2019,2020-10-30,10.4
2019,2020-10-31,10.25
2019,2020-11-01,10.14
2019,2020-11-02,10.07
2019,2020-11-03,10.17
2019,2020-11-04,10.28
2019,2020-11-05,10.18
2019,2020-11-06,10.01
2019,2020-11-07,9.87
2019,2020-11-08,9.71
2019,2020-11-09,9.48
2019,2020-11-10,9.13
2019,2020-11-11,8.76
2019,2020-11-12,8.4
2019,2020-11-13,8.07
2019,2020-11-14,7.77
2019,2020-11-15,7.61
2019,2020-11-16,7.48
2019,2020-11-17,7.31
2019,2020-11-18,7.04
2019,2020-11-19,6.77
2019,2020-11-20,6.47
2019,2020-11-21,6.19
2019,2020-11-22,5.97
2019,2020-11-23,5.82
2019,2020-11-24,5.62
2019,2020-11-25,5.46
2019,2020-11-26,5.38
2019,2020-11-27,5.39
2019,2020-11-28,5.48
2019,2020-11-29,5.5
2019,2020-11-30,5.29
2019,2020-12-01,4.92
2019,2020-12-02,4.61
2019,2020-12-03,4.37
2019,2020-12-04,4.09
2019,2020-12-05,3.81
2019,2020-12-06,3.54
2019,2020-12-07,3.46
2019,2020-12-08,3.48
2019,2020-12-09,3.47
2019,2020-12-10,3.38
2019,2020-12-11,3.21
2019,2020-12-12,3.06
2019,2020-12-13,2.81
2019,2020-12-14,2.64
2019,2020-12-15,2.44
2019,2020-12-16,2.34
2019,2020-12-17,2.36
2019,2020-12-18,2.39
2019,2020-12-19,2.41
2019,2020-12-20,2.51
2019,2020-12-21,2.47
2019,2020-12-22,2.34
2019,2020-12-23,2.34
2019,2020-12-24,2.32
2019,2020-12-25,2.29
2019,2020-12-26,2.15
2019,2020-12-27,2.0
2019,2020-12-28,1.93
2019,2020-12-29,1.82
2019,2020-12-30,1.7
2019,2020-12-31,1.76
2020,2020-01-01,1.8
2020,2020-01-02,1.79
2020,2020-01-03,1.79
2020,2020-01-04,1.82
2020,2020-01-05,1.74
2020,2020-01-06,1.57
2020,2020-01-07,1.49
2020,2020-01-08,1.62
2020,2020-01-09,1.79
2020,2020-01-10,1.86
2020,2020-01-11,1.86
2020,2020-01-12,1.72
2020,2020-01-13,1.58
2020,2020-01-14,1.31
2020,2020-01-15,1.06
2020,2020-01-16,0.85
2020,2020-01-17,0.55
2020,2020-01-18,0.34
2020,2020-01-19,0.23
2020,2020-01-20,0.03
2020,2020-01-21,-0.22
2020,2020-01-22,-0.42
2020,2020-01-23,-0.53
2020,2020-01-24,-0.66
2020,2020-01-25,-0.68
2020,2020-01-26,-0.59
2020,2020-01-27,-0.47
2020,2020-01-28,-0.46
2020,2020-01-29,-0.4
2020,2020-01-30,-0.25
2020,2020-01-31,0.05
2020,2020-02-01,0.24
2020,2020-02-02,0.51
2020,2020-02-03,0.82
2020,2020-02-04,0.99
2020,2020-02-05,0.98
2020,2020-02-06,0.87
2020,2020-02-07,0.82
2020,2020-02-08,0.73
2020,2020-02-09,0.81
2020,2020-02-10,1.05
2020,2020-02-11,1.25
2020,2020-02-12,1.35
2020,2020-02-13,1.42
2020,2020-02-14,1.58
2020,2020-02-15,1.73
2020,2020-02-16,1.92
2020,2020-02-17,2.2
2020,2020-02-18,2.5
2020,2020-02-19,2.66
2020,2020-02-20,2.8
2020,2020-02-21,2.97
2020,2020-02-22,3.2
2020,2020-02-23,3.56
2020,2020-02-24,3.77
2020,2020-02-25,3.94
2020,2020-02-26,4.0
2020,2020-02-27,3.98
2020,2020-02-28,3.77
2020,2020-02-29,3.61
2020,2020-03-01,3.52
2020,2020-03-02,3.51
2020,2020-03-03,3.55
2020,2020-03-04,3.62
2020,2020-03-05,3.76
2020,2020-03-06,3.92
2020,2020-03-07,4.05
2020,2020-03-08,4.12
2020,2020-03-09,4.04
2020,2020-03-10,4.1
2020,2020-03-11,4.41
2020,2020-03-12,4.71
2020,2020-03-13,4.78
2020,2020-03-14,4.78
2020,2020-03-15,4.71
2020,2020-03-16,4.69
2020,2020-03-17,4.75
2020,2020-03-18,4.99
2020,2020-03-19,5.23
2020,2020-03-20,5.49
2020,2020-03-21,5.49
2020,2020-03-22,5.15
2020,2020-03-23,4.87
2020,2020-03-24,4.62
2020,2020-03-25,4.49
2020,2020-03-26,4.49
2020,2020-03-27,4.7
2020,2020-03-28,4.87
2020,2020-03-29,4.91
2020,2020-03-30,4.7
2020,2020-03-31,4.52
2020,2020-04-01,4.46
2020,2020-04-02,4.48
2020,2020-04-03,4.54
2020,2020-04-04,4.67
2020,2020-04-05,4.85
2020,2020-04-06,5.11
2020,2020-04-07,5.31
2020,2020-04-08,5.33
2020,2020-04-09,5.37
2020,2020-04-10,5.58
2020,2020-04-11,5.87
2020,2020-04-12,6.22
2020,2020-04-13,6.45
2020,2020-04-14,6.33
2020,2020-04-15,6.24
2020,2020-04-16,6.32
2020,2020-04-17,6.49
2020,2020-04-18,6.83
2020,2020-04-19,7.24
2020,2020-04-20,7.63
2020,2020-04-21,8.01
2020,2020-04-22,8.42
2020,2020-04-23,8.75
2020,2020-04-24,8.97
2020,2020-04-25,9.14
2020,2020-04-26,9.3
2020,2020-04-27,9.71
2020,2020-04-28,10.23
2020,2020-04-29,10.59
2020,2020-04-30,10.92
2020,2020-05-01,11.1
2020,2020-05-02,11.23
2020,2020-05-03,11.26
2020,2020-05-04,11.29
2020,2020-05-05,11.24
2020,2020-05-06,11.16
2020,2020-05-07,11.17
2020,2020-05-08,11.25
2020,2020-05-09,11.43
2020,2020-05-10,11.53
2020,2020-05-11,11.59
2020,2020-05-12,11.69
2020,2020-05-13,11.8
2020,2020-05-14,11.75
2020,2020-05-15,11.51
2020,2020-05-16,11.37
2020,2020-05-17,11.43
2020,2020-05-18,11.65
2020,2020-05-19,11.87
2020,2020-05-20,12.03
2020,2020-05-21,12.15
2020,2020-05-22,12.23
2020,2020-05-23,12.32
2020,2020-05-24,12.34
2020,2020-05-25,12.31
2020,2020-05-26,12.19
2020,2020-05-27,12.26
2020,2020-05-28,12.19
2020,2020-05-29,12.17
2020,2020-05-30,12.16
2020,2020-05-31,12.18
2020,2020-06-01,12.3
2020,2020-06-02,12.48
2020,2020-06-03,12.73
2020,2020-06-04,12.84
2020,2020-06-05,12.78
2020,2020-06-06,12.76
2020,2020-06-07,12.74
2020,2020-06-08,12.67
2020,2020-06-09,12.92
2020,2020-06-10,13.03
2020,2020-06-11,13.19
2020,2020-06-12,13.55
2020,2020-06-13,13.88
2020,2020-06-14,13.97
2020,2020-06-15,13.94
2020,2020-06-16,13.94
2020,2020-06-17,14.0
2020,2020-06-18,14.06
2020,2020-06-19,14.05
2020,2020-06-20,14.0
2020,2020-06-21,14.1
2020,2020-06-22,14.35
2020,2020-06-23,14.63
2020,2020-06-24,14.78
2020,2020-06-25,14.96
2020,2020-06-26,15.23
2020,2020-06-27,15.62
2020,2020-06-28,16.05
2020,2020-06-29,16.13
2020,2020-06-30,16.27
2020,2020-07-01,16.44
2020,2020-07-02,16.59
2020,2020-07-03,16.73
2020,2020-07-04,16.8
2020,2020-07-05,16.99
2020,2020-07-06,17.24
2020,2020-07-07,17.29
2020,2020-07-08,17.44
2020,2020-07-09,17.63
2020,2020-07-10,17.79
2020,2020-07-11,17.61
2020,2020-07-12,17.57
2020,2020-07-13,17.6
2020,2020-07-14,17.61
2020,2020-07-15,17.61
2020,2020-07-16,17.58
2020,2020-07-17,17.55
2020,2020-07-18,17.54
2020,2020-07-19,17.63
2020,2020-07-20,17.69
2020,2020-07-21,17.74
2020,2020-07-22,17.82
2020,2020-07-23,17.95
2020,2020-07-24,17.92
2020,2020-07-25,17.83
2020,2020-07-26,17.7
2020,2020-07-27,17.83
2020,2020-07-28,17.98
2020,2020-07-29,18.0
2020,2020-07-30,18.1
2020,2020-07-31,18.31
2020,2020-08-01,18.46
2020,2020-08-02,18.43
2020,2020-08-03,18.36
2020,2020-08-04,18.32
2020,2020-08-05,18.22
2020,2020-08-06,18.16
2020,2020-08-07,18.12
2020,2020-08-08,18.37
2020,2020-08-09,18.63
2020,2020-08-10,18.88
2020,2020-08-11,19.04
2020,2020-08-12,19.22
2020,2020-08-13,19.42
2020,2020-08-14,19.62
2020,2020-08-15,19.81
2020,2020-08-16,19.92
2020,2020-08-17,19.88
2020,2020-08-18,19.79
2020,2020-08-19,19.75
2020,2020-08-20,19.77
2020,2020-08-21,19.95
2020,2020-08-22,20.04
2020,2020-08-23,20.07
2020,2020-08-24,19.94
2020,2020-08-25,19.74
2020,2020-08-26,19.7
2020,2020-08-27,19.56
2020,2020-08-28,19.41
2020,2020-08-29,19.22
2020,2020-08-30,19.11
2020,2020-08-31,19.0
2020,2020-09-01,18.95
2020,2020-09-02,18.89
2020,2020-09-03,18.73
2020,2020-09-04,18.58
2020,2020-09-05,18.47
2020,2020-09-06,18.23
2020,2020-09-07,17.93
2020,2020-09-08,17.71
2020,2020-09-09,17.52
2020,2020-09-10,17.4
2020,2020-09-11,17.32
2020,2020-09-12,17.28
2020,2020-09-13,17.24
2020,2020-09-14,17.25
2020,2020-09-15,17.33
2020,2020-09-16,17.37
2020,2020-09-17,17.26
2020,2020-09-18,16.94
2020,2020-09-19,16.68
2020,2020-09-20,16.53
2020,2020-09-21,16.49
2020,2020-09-22,16.48
2020,2020-09-23,16.31
2020,2020-09-24,16.24
2020,2020-09-25,15.95
2020,2020-09-26,15.57
2020,2020-09-27,15.26
2020,2020-09-28,15.05
2020,2020-09-29,14.95
2020,2020-09-30,14.9
2020,2020-10-01,14.8
2020,2020-10-02,14.66
2020,2020-10-03,14.53
2020,2020-10-04,14.43
2020,2020-10-05,14.31
2020,2020-10-06,14.16
2020,2020-10-07,13.94
2020,2020-10-08,13.69
2020,2020-10-09,13.5
2020,2020-10-10,13.22
2020,2020-10-11,12.77
2020,2020-10-12,12.28
2020,2020-10-13,11.77
2020,2020-10-14,11.28
2020,2020-10-15,10.87
2020,2020-10-16,10.58
2020,2020-10-17,10.3
2020,2020-10-18,10.01
2020,2020-10-19,9.67
2020,2020-10-20,9.32
2020,2020-10-21,9.08
2020,2020-10-22,8.83
2020,2020-10-23,8.8
2020,2020-10-24,8.95
2020,2020-10-25,8.99
2020,2020-10-26,9.05
2020,2020-10-27,8.91
2020,2020-10-28,8.74
2020,2020-10-29,8.6
2020,2020-10-30,8.47
2020,2020-10-31,8.29
2020,2020-11-01,8.14
2020,2020-11-02,8.24
2020,2020-11-03,8.32
2020,2020-11-04,8.27
2020,2020-11-05,8.14
2020,2020-11-06,7.89
2020,2020-11-07,7.7
2020,2020-11-08,7.65
2020,2020-11-09,7.62
2020,2020-11-10,7.59
2020,2020-11-11,7.55
2020,2020-11-12,7.52
2020,2020-11-13,7.5
2020,2020-11-14,7.47
2020,2020-11-15,7.41
2020,2020-11-16,7.38
2020,2020-11-17,7.35
2020,2020-11-18,7.23
2020,2020-11-19,7.08
2020,2020-11-20,6.84
2020,2020-11-21,6.45
2020,2020-11-22,6.12
2020,2020-11-23,5.87
2020,2020-11-24,5.69
2020,2020-11-25,5.45
2020,2020-11-26,5.17
2020,2020-11-27,4.81
2020,2020-11-28,4.43
2020,2020-11-29,4.11
2020,2020-11-30,3.61
2020,2020-12-01,3.05
2020,2020-12-02,2.64
2020,2020-12-03,2.31
2020,2020-12-04,2.15
2020,2020-12-05,2.1
2020,2020-12-06,2.12
2020,2020-12-07,2.08
2020,2020-12-08,1.98
2020,2020-12-09,1.87
2020,2020-12-10,1.7
2020,2020-12-11,1.51
2020,2020-12-12,1.34
2020,2020-12-13,1.22
2020,2020-12-14,1.06
2020,2020-12-15,0.88
2020,2020-12-16,0.73
2020,2020-12-17,0.59
2020,2020-12-18,0.49
2020,2020-12-19,0.5
2020,2020-12-20,0.49
2020,2020-12-21,0.45
2020,2020-12-22,0.56
2020,2020-12-23,0.8
2020,2020-12-24,0.99
2020,2020-12-25,1.07
2020,2020-12-26,1.0
2020,2020-12-27,0.86
2020,2020-12-28,0.89
2020,2020-12-29,1.01
2020,2020-12-30,1.11
2020,2020-12-31,1.14
2021,2020-01-01,1.03
2021,2020-01-02,0.89
2021,2020-01-03,0.73
2021,2020-01-04,0.6
2021,2020-01-05,0.52
2021,2020-01-06,0.44
2021,2020-01-07,0.37
2021,2020-01-08,0.27
2021,2020-01-09,0.12
2021,2020-01-10,-0.11
2021,2020-01-11,-0.38
2021,2020-01-12,-0.58
2021,2020-01-13,-0.66
2021,2020-01-14,-0.74
2021,2020-01-15,-0.89
2021,2020-01-16,-1.05
2021,2020-01-17,-1.23
2021,2020-01-18,-1.37
2021,2020-01-19,-1.56
2021,2020-01-20,-1.75
2021,2020-01-21,-1.88
2021,2020-01-22,-1.75
2021,2020-01-23,-1.58
2021,2020-01-24,-1.45
2021,2020-01-25,-1.53
2021,2020-01-26,-1.62
2021,2020-01-27,-1.7
2021,2020-01-28,-1.63
2021,2020-01-29,-1.4
2021,2020-01-30,-1.28
2021,2020-01-31,-1.34
2021,2020-02-01,-1.34
2021,2020-02-02,-1.24
2021,2020-02-03,-1.04
2021,2020-02-04,-0.75
2021,2020-02-05,-0.49
2021,2020-02-06,-0.24
2021,2020-02-07,0.02
2021,2020-02-08,0.26
2021,2020-02-09,0.4
2021,2020-02-10,0.4
2021,2020-02-11,0.22
2021,2020-02-12,0.06
2021,2020-02-13,-0.06
2021,2020-02-14,-0.12
2021,2020-02-15,-0.2
2021,2020-02-16,-0.16
2021,2020-02-17,-0.07
2021,2020-02-18,-0.0
2021,2020-02-19,-0.03
2021,2020-02-20,-0.01
2021,2020-02-21,0.14
2021,2020-02-22,0.36
2021,2020-02-23,0.62
2021,2020-02-24,0.93
2021,2020-02-25,1.15
2021,2020-02-26,1.28
2021,2020-02-27,1.3
2021,2020-02-28,1.41
2021,2020-03-01,1.54
2021,2020-03-02,1.56
2021,2020-03-03,1.54
2021,2020-03-04,1.53
2021,2020-03-05,1.47
2021,2020-03-06,1.33
2021,2020-03-07,1.26
2021,2020-03-08,1.32
2021,2020-03-09,1.35
2021,2020-03-10,1.41
2021,2020-03-11,1.76
2021,2020-03-12,2.25
2021,2020-03-13,2.75
2021,2020-03-14,3.1
2021,2020-03-15,3.36
2021,2020-03-16,3.41
2021,2020-03-17,3.32
2021,2020-03-18,3.18
2021,2020-03-19,3.0
2021,2020-03-20,2.78
2021,2020-03-21,2.59
2021,2020-03-22,2.48
2021,2020-03-23,2.37
2021,2020-03-24,2.28
2021,2020-03-25,2.25
2021,2020-03-26,2.27
2021,2020-03-27,2.39
2021,2020-03-28,2.54
2021,2020-03-29,2.76
2021,2020-03-30,3.08
2021,2020-03-31,3.38
2021,2020-04-01,3.65
2021,2020-04-02,3.93
2021,2020-04-03,4.11
2021,2020-04-04,4.21
2021,2020-04-05,4.37
2021,2020-04-06,4.33
2021,2020-04-07,4.27
2021,2020-04-08,4.2
2021,2020-04-09,4.19
2021,2020-04-10,4.3
2021,2020-04-11,4.55
2021,2020-04-12,4.65
2021,2020-04-13,4.61
2021,2020-04-14,4.65
2021,2020-04-15,4.72
2021,2020-04-16,4.87
2021,2020-04-17,5.11
2021,2020-04-18,5.35
2021,2020-04-19,5.5
2021,2020-04-20,5.67
2021,2020-04-21,5.83
2021,2020-04-22,5.9
2021,2020-04-23,5.88
2021,2020-04-24,5.94
2021,2020-04-25,6.02
2021,2020-04-26,5.93
2021,2020-04-27,5.75
2021,2020-04-28,5.67
2021,2020-04-29,5.61
2021,2020-04-30,5.7
2021,2020-05-01,5.99
2021,2020-05-02,6.16
2021,2020-05-03,6.2
2021,2020-05-04,6.61
2021,2020-05-05,6.95
2021,2020-05-06,7.18
2021,2020-05-07,7.27
2021,2020-05-08,7.27
2021,2020-05-09,7.44
2021,2020-05-10,7.91
2021,2020-05-11,8.52
2021,2020-05-12,8.84
2021,2020-05-13,9.12
2021,2020-05-14,9.4
2021,2020-05-15,9.64
2021,2020-05-16,9.9
2021,2020-05-17,10.05
2021,2020-05-18,10.18
2021,2020-05-19,10.18
2021,2020-05-20,10.26
2021,2020-05-21,10.42
2021,2020-05-22,10.49
2021,2020-05-23,10.51
2021,2020-05-24,10.62
2021,2020-05-25,10.69
2021,2020-05-26,10.72
2021,2020-05-27,10.67
2021,2020-05-28,10.64
2021,2020-05-29,10.59
2021,2020-05-30,10.68
2021,2020-05-31,10.84
2021,2020-06-01,10.92
2021,2020-06-02,11.17
2021,2020-06-03,11.5
2021,2020-06-04,11.88
2021,2020-06-05,12.21
2021,2020-06-06,12.24
2021,2020-06-07,12.21
2021,2020-06-08,12.21
2021,2020-06-09,12.48
2021,2020-06-10,12.77
2021,2020-06-11,13.0
2021,2020-06-12,13.3
2021,2020-06-13,13.48
2021,2020-06-14,13.7
2021,2020-06-15,14.0
2021,2020-06-16,14.43
2021,2020-06-17,14.88
2021,2020-06-18,15.28
2021,2020-06-19,15.74
2021,2020-06-20,16.26
2021,2020-06-21,16.75
2021,2020-06-22,17.22
2021,2020-06-23,17.58
2021,2020-06-24,17.97
2021,2020-06-25,18.2
2021,2020-06-26,18.47
2021,2020-06-27,18.82
2021,2020-06-28,19.22
2021,2020-06-29,19.52
2021,2020-06-30,19.55
2021,2020-07-01,19.48
2021,2020-07-02,19.38
2021,2020-07-03,19.38
2021,2020-07-04,19.46
2021,2020-07-05,19.51
2021,2020-07-06,19.67
2021,2020-07-07,19.77
2021,2020-07-08,19.9
2021,2020-07-09,19.94
2021,2020-07-10,19.94
2021,2020-07-11,19.95
2021,2020-07-12,20.09
2021,2020-07-13,20.19
2021,2020-07-14,20.07
2021,2020-07-15,19.89
2021,2020-07-16,19.75
2021,2020-07-17,19.57
2021,2020-07-18,19.39
2021,2020-07-19,19.26
2021,2020-07-20,19.13
2021,2020-07-21,19.02
2021,2020-07-22,18.93
2021,2020-07-23,18.98
2021,2020-07-24,19.06
2021,2020-07-25,19.04
2021,2020-07-26,18.96
2021,2020-07-27,18.93
2021,2020-07-28,19.08
2021,2020-07-29,19.26
2021,2020-07-30,19.47
2021,2020-07-31,19.52
2021,2020-08-01,19.44
2021,2020-08-02,19.35
2021,2020-08-03,19.14
2021,2020-08-04,18.94
2021,2020-08-05,18.7
2021,2020-08-06,18.65
2021,2020-08-07,18.65
2021,2020-08-08,18.62
2021,2020-08-09,18.55
2021,2020-08-10,18.51
2021,2020-08-11,18.62
2021,2020-08-12,18.75
2021,2020-08-13,18.87
2021,2020-08-14,19.03
2021,2020-08-15,19.17
2021,2020-08-16,19.15
2021,2020-08-17,19.03
2021,2020-08-18,18.91
2021,2020-08-19,18.83
2021,2020-08-20,18.77
2021,2020-08-21,18.69
2021,2020-08-22,18.63
2021,2020-08-23,18.46
2021,2020-08-24,18.24
2021,2020-08-25,18.0
2021,2020-08-26,17.74
2021,2020-08-27,17.42
2021,2020-08-28,17.14
2021,2020-08-29,17.01
2021,2020-08-30,16.88
2021,2020-08-31,16.77
2021,2020-09-01,16.73
2021,2020-09-02,16.72
2021,2020-09-03,16.66
2021,2020-09-04,16.54
2021,2020-09-05,16.5
2021,2020-09-06,16.41
2021,2020-09-07,16.22
2021,2020-09-08,16.07
2021,2020-09-09,15.92
2021,2020-09-10,15.72
2021,2020-09-11,15.48
2021,2020-09-12,15.28
2021,2020-09-13,15.22
2021,2020-09-14,15.33
2021,2020-09-15,15.46
2021,2020-09-16,15.52
2021,2020-09-17,15.4
2021,2020-09-18,15.22
2021,2020-09-19,15.01
2021,2020-09-20,14.84
2021,2020-09-21,14.72
2021,2020-09-22,14.6
2021,2020-09-23,14.58
2021,2020-09-24,14.67
2021,2020-09-25,14.79
2021,2020-09-26,14.92
2021,2020-09-27,15.01
2021,2020-09-28,15.08
2021,2020-09-29,15.02
2021,2020-09-30,14.89
2021,2020-10-01,14.74
2021,2020-10-02,14.64
2021,2020-10-03,14.59
2021,2020-10-04,14.56
2021,2020-10-05,14.56
2021,2020-10-06,14.34
2021,2020-10-07,14.04
2021,2020-10-08,13.78
2021,2020-10-09,13.44
2021,2020-10-10,13.02
2021,2020-10-11,12.67
2021,2020-10-12,12.28
2021,2020-10-13,11.81
2021,2020-10-14,11.34
2021,2020-10-15,11.11
2021,2020-10-16,10.9
2021,2020-10-17,10.69
2021,2020-10-18,10.55
2021,2020-10-19,10.47
2021,2020-10-20,10.54
2021,2020-10-21,10.5
2021,2020-10-22,10.27
2021,2020-10-23,9.95
2021,2020-10-24,9.57
2021,2020-10-25,9.24
2021,2020-10-26,8.89
2021,2020-10-27,8.68
2021,2020-10-28,8.51
2021,2020-10-29,8.36
2021,2020-10-30,8.17
2021,2020-10-31,7.94
2021,2020-11-01,7.7
2021,2020-11-02,7.37
2021,2020-11-03,7.22
2021,2020-11-04,7.13
2021,2020-11-05,6.95
2021,2020-11-06,6.81
2021,2020-11-07,6.77
2021,2020-11-08,6.66
2021,2020-11-09,6.55
2021,2020-11-10,6.55
2021,2020-11-11,6.53
2021,2020-11-12,6.38
2021,2020-11-13,6.25
2021,2020-11-14,6.18
2021,2020-11-15,6.11
2021,2020-11-16,5.98
2021,2020-11-17,5.69
2021,2020-11-18,5.47
2021,2020-11-19,5.38
2021,2020-11-20,5.35
2021,2020-11-21,5.28
2021,2020-11-22,5.2
2021,2020-11-23,5.05
2021,2020-11-24,4.8
2021,2020-11-25,4.59
2021,2020-11-26,4.34
2021,2020-11-27,4.08
2021,2020-11-28,3.78
2021,2020-11-29,3.46
2021,2020-11-30,3.26
2021,2020-12-01,3.18
2021,2020-12-02,3.06
2021,2020-12-03,2.88
2021,2020-12-04,2.71
2021,2020-12-05,2.58
2021,2020-12-06,2.39
2021,2020-12-07,2.17
2021,2020-12-08,1.9
2021,2020-12-09,1.69
2021,2020-12-10,1.45
2021,2020-12-11,1.27
2021,2020-12-12,1.11
2021,2020-12-13,1.01
2021,2020-12-14,0.93
2021,2020-12-15,0.88
2021,2020-12-16,0.79
2021,2020-12-17,0.64
2021,2020-12-18,0.48
2021,2020-12-19,0.39
2021,2020-12-20,0.25
2021,2020-12-21,0.04
2021,2020-12-22,-0.16
2021,2020-12-23,-0.33
2021,2020-12-24,-0.21
2021,2020-12-25,-0.14
2021,2020-12-26,-0.17
2021,2020-12-27,-0.15
2021,2020-12-28,-0.12
2021,2020-12-29,-0.14
2021,2020-12-30,-0.02
2021,2020-12-31,0.3
2022,2020-01-01,0.59
2022,2020-01-02,0.73
2022,2020-01-03,1.0
2022,2020-01-04,1.3
2022,2020-01-05,1.49
2022,2020-01-06,1.51
2022,2020-01-07,1.44
2022,2020-01-08,1.36
2022,2020-01-09,1.29
2022,2020-01-10,1.19
2022,2020-01-11,1.01
2022,2020-01-12,0.73
2022,2020-01-13,0.57
2022,2020-01-14,0.54
2022,2020-01-15,0.52
2022,2020-01-16,0.46
2022,2020-01-17,0.55
2022,2020-01-18,0.72
2022,2020-01-19,0.87
2022,2020-01-20,1.03
2022,2020-01-21,0.82
2022,2020-01-22,0.74
2022,2020-01-23,0.79
2022,2020-01-24,0.77
2022,2020-01-25,0.72
2022,2020-01-26,0.58
2022,2020-01-27,0.37
2022,2020-01-28,0.15
2022,2020-01-29,-0.05
2022,2020-01-30,-0.05
2022,2020-01-31,-0.27
2022,2020-02-01,-0.48
2022,2020-02-02,-0.49
2022,2020-02-03,-0.35
2022,2020-02-04,-0.09
2022,2020-02-05,0.1
2022,2020-02-06,0.24
2022,2020-02-07,0.32
2022,2020-02-08,0.5
2022,2020-02-09,0.82
2022,2020-02-10,1.01
2022,2020-02-11,1.05
2022,2020-02-12,1.06
2022,2020-02-13,1.08
2022,2020-02-14,1.01
2022,2020-02-15,1.05
2022,2020-02-16,1.26
2022,2020-02-17,1.54
2022,2020-02-18,1.88
2022,2020-02-19,2.08
2022,2020-02-20,2.22
2022,2020-02-21,2.4
2022,2020-02-22,2.55
2022,2020-02-23,2.74
2022,2020-02-24,2.87
2022,2020-02-25,2.89
2022,2020-02-26,2.87
2022,2020-02-27,2.73
2022,2020-02-28,2.66
2022,2020-03-01,2.59
2022,2020-03-02,2.48
2022,2020-03-03,2.38
2022,2020-03-04,2.25
2022,2020-03-05,2.13
2022,2020-03-06,2.01
2022,2020-03-07,1.89
2022,2020-03-08,1.77
2022,2020-03-09,1.67
2022,2020-03-10,1.61
2022,2020-03-11,1.5
2022,2020-03-12,1.53
2022,2020-03-13,1.65
2022,2020-03-14,1.83
2022,2020-03-15,1.98
2022,2020-03-16,2.07
2022,2020-03-17,1.99
2022,2020-03-18,1.89
2022,2020-03-19,1.85
2022,2020-03-20,1.85
2022,2020-03-21,1.84
2022,2020-03-22,1.93
2022,2020-03-23,2.04
2022,2020-03-24,2.2
2022,2020-03-25,2.41
2022,2020-03-26,2.68
2022,2020-03-27,2.99
2022,2020-03-28,3.38
2022,2020-03-29,3.82
2022,2020-03-30,4.16
2022,2020-03-31,4.34
2022,2020-04-01,4.47
2022,2020-04-02,4.5
2022,2020-04-03,4.56
2022,2020-04-04,4.69
2022,2020-04-05,4.93
2022,2020-04-06,5.26
2022,2020-04-07,5.59
2022,2020-04-08,5.95
2022,2020-04-09,6.07
2022,2020-04-10,6.08
2022,2020-04-11,6.09
2022,2020-04-12,6.19
2022,2020-04-13,6.38
2022,2020-04-14,6.67
2022,2020-04-15,6.92
2022,2020-04-16,7.03
2022,2020-04-17,7.08
2022,2020-04-18,7.14
2022,2020-04-19,7.11
2022,2020-04-20,7.04
2022,2020-04-21,7.02
2022,2020-04-22,6.99
2022,2020-04-23,7.01
2022,2020-04-24,7.06
2022,2020-04-25,7.05
2022,2020-04-26,6.96
2022,2020-04-27,6.93
2022,2020-04-28,7.08
2022,2020-04-29,7.35
2022,2020-04-30,7.74
2022,2020-05-01,8.09
2022,2020-05-02,8.43
2022,2020-05-03,8.66
2022,2020-05-04,8.73
2022,2020-05-05,8.81
2022,2020-05-06,8.9
2022,2020-05-07,9.17
2022,2020-05-08,9.53
2022,2020-05-09,9.84
2022,2020-05-10,10.06
2022,2020-05-11,10.28
2022,2020-05-12,10.5
2022,2020-05-13,10.66
2022,2020-05-14,10.99
2022,2020-05-15,11.41
2022,2020-05-16,11.83
2022,2020-05-17,12.24
2022,2020-05-18,12.58
2022,2020-05-19,12.91
2022,2020-05-20,13.4
2022,2020-05-21,13.74
2022,2020-05-22,13.97
2022,2020-05-23,14.23
2022,2020-05-24,14.51
2022,2020-05-25,14.72
2022,2020-05-26,14.93
2022,2020-05-27,15.16
2022,2020-05-28,15.23
2022,2020-05-29,15.19
2022,2020-05-30,15.18
2022,2020-05-31,15.25
2022,2020-06-01,15.39
2022,2020-06-02,15.53
2022,2020-06-03,15.78
2022,2020-06-04,16.1
2022,2020-06-05,16.33
2022,2020-06-06,16.49
2022,2020-06-07,16.51
2022,2020-06-08,16.45
2022,2020-06-09,16.24
2022,2020-06-10,16.19
2022,2020-06-11,16.25
2022,2020-06-12,16.33
2022,2020-06-13,16.33
2022,2020-06-14,16.34
2022,2020-06-15,16.46
2022,2020-06-16,16.51
2022,2020-06-17,16.43
2022,2020-06-18,16.49
2022,2020-06-19,16.72
2022,2020-06-20,16.9
2022,2020-06-21,17.01
2022,2020-06-22,17.2
2022,2020-06-23,17.39
2022,2020-06-24,17.49
2022,2020-06-25,17.69
2022,2020-06-26,18.14
2022,2020-06-27,18.6
2022,2020-06-28,18.83
2022,2020-06-29,19.0
2022,2020-06-30,19.19
2022,2020-07-01,19.2
2022,2020-07-02,19.1
2022,2020-07-03,19.17
2022,2020-07-04,19.24
2022,2020-07-05,19.32
2022,2020-07-06,19.4
2022,2020-07-07,19.47
2022,2020-07-08,19.48
2022,2020-07-09,19.44
2022,2020-07-10,19.3
2022,2020-07-11,19.24
2022,2020-07-12,19.26
2022,2020-07-13,19.32
2022,2020-07-14,19.48
2022,2020-07-15,19.49
2022,2020-07-16,19.44
2022,2020-07-17,19.28
2022,2020-07-18,19.21
2022,2020-07-19,19.33
2022,2020-07-20,19.51
2022,2020-07-21,19.6
2022,2020-07-22,19.75
2022,2020-07-23,19.94
2022,2020-07-24,19.98
2022,2020-07-25,20.0
2022,2020-07-26,19.94
2022,2020-07-27,19.84
2022,2020-07-28,19.75
2022,2020-07-29,19.77
2022,2020-07-30,19.77
2022,2020-07-31,19.7
2022,2020-08-01,19.72
2022,2020-08-02,19.79
2022,2020-08-03,19.92
2022,2020-08-04,20.19
2022,2020-08-05,20.53
2022,2020-08-06,20.62
2022,2020-08-07,20.71
2022,2020-08-08,20.75
2022,2020-08-09,20.81
2022,2020-08-10,20.76
2022,2020-08-11,20.6
2022,2020-08-12,20.55
2022,2020-08-13,20.52
2022,2020-08-14,20.55
2022,2020-08-15,20.57
2022,2020-08-16,20.53
2022,2020-08-17,20.49
2022,2020-08-18,20.45
2022,2020-08-19,20.29
2022,2020-08-20,20.08
2022,2020-08-21,19.9
2022,2020-08-22,19.58
2022,2020-08-23,19.46
2022,2020-08-24,19.48
2022,2020-08-25,19.49
2022,2020-08-26,19.52
2022,2020-08-27,19.58
2022,2020-08-28,19.52
2022,2020-08-29,19.44
2022,2020-08-30,19.38
2022,2020-08-31,19.17
2022,2020-09-01,18.87
2022,2020-09-02,18.51
2022,2020-09-03,18.4
2022,2020-09-04,18.36
2022,2020-09-05,18.37
2022,2020-09-06,18.35
2022,2020-09-07,18.34
2022,2020-09-08,18.25
2022,2020-09-09,18.14
2022,2020-09-10,18.0
2022,2020-09-11,17.79
2022,2020-09-12,17.58
2022,2020-09-13,17.39
2022,2020-09-14,17.22
2022,2020-09-15,17.03
2022,2020-09-16,16.79
2022,2020-09-17,16.47
2022,2020-09-18,16.18
2022,2020-09-19,15.94
2022,2020-09-20,15.65
2022,2020-09-21,15.27
2022,2020-09-22,14.85
2022,2020-09-23,14.42
2022,2020-09-24,14.1
2022,2020-09-25,13.85
2022,2020-09-26,13.59
2022,2020-09-27,13.25
2022,2020-09-28,13.01
2022,2020-09-29,12.8
2022,2020-09-30,12.64
2022,2020-10-01,12.48
2022,2020-10-02,12.3
2022,2020-10-03,12.07
2022,2020-10-04,11.79
2022,2020-10-05,11.53
2022,2020-10-06,11.42
2022,2020-10-07,11.36
2022,2020-10-08,11.31
2022,2020-10-09,11.2
2022,2020-10-10,11.11
2022,2020-10-11,10.99
2022,2020-10-12,10.75
2022,2020-10-13,10.53
2022,2020-10-14,10.47
2022,2020-10-15,10.59
2022,2020-10-16,10.75
2022,2020-10-17,10.92
2022,2020-10-18,11.11
2022,2020-10-19,11.26
2022,2020-10-20,11.33
2022,2020-10-21,11.39
2022,2020-10-22,11.39
2022,2020-10-23,11.39
2022,2020-10-24,11.44
2022,2020-10-25,11.53
2022,2020-10-26,11.59
2022,2020-10-27,11.68
2022,2020-10-28,11.74
2022,2020-10-29,11.78
2022,2020-10-30,11.8
2022,2020-10-31,11.8
2022,2020-11-01,11.82
2022,2020-11-02,11.81
2022,2020-11-03,11.69
2022,2020-11-04,11.49
2022,2020-11-05,11.26
2022,2020-11-06,11.07
2022,2020-11-07,10.91
2022,2020-11-08,10.67
2022,2020-11-09,10.48
2022,2020-11-10,10.36
2022,2020-11-11,10.18
2022,2020-11-12,9.97
2022,2020-11-13,9.69
2022,2020-11-14,9.45
2022,2020-11-15,9.18
2022,2020-11-16,8.94
2022,2020-11-17,8.77
2022,2020-11-18,8.55
2022,2020-11-19,8.2
2022,2020-11-20,7.88
2022,2020-11-21,7.5
2022,2020-11-22,7.15
2022,2020-11-23,6.85
2022,2020-11-24,6.55
2022,2020-11-25,6.24
2022,2020-11-26,5.94
2022,2020-11-27,5.55
2022,2020-11-28,5.21
2022,2020-11-29,4.89
2022,2020-11-30,4.55
2022,2020-12-01,4.23
2022,2020-12-02,3.97
2022,2020-12-03,3.78
2022,2020-12-04,3.69
2022,2020-12-05,3.51
2022,2020-12-06,3.36
2022,2020-12-07,3.18
2022,2020-12-08,2.92
2022,2020-12-09,2.72
2022,2020-12-10,2.52
2022,2020-12-11,2.23
2022,2020-12-12,1.77
2022,2020-12-13,1.31
2022,2020-12-14,1.0
2022,2020-12-15,0.78
2022,2020-12-16,0.62
2022,2020-12-17,0.5
2022,2020-12-18,0.22
2022,2020-12-19,0.06
2022,2020-12-20,-0.04
2022,2020-12-21,-0.12
2022,2020-12-22,-0.15
2022,2020-12-23,-0.08
2022,2020-12-24,0.03
2022,2020-12-25,0.18
2022,2020-12-26,0.3
2022,2020-12-27,0.37
2022,2020-12-28,0.34
2022,2020-12-29,0.36
2022,2020-12-30,0.47
2022,2020-12-31,0.65
2023,2020-01-01,0.73
2023,2020-01-02,0.82
2023,2020-01-03,0.94
2023,2020-01-04,1.05
2023,2020-01-05,1.33
2023,2020-01-06,1.52
2023,2020-01-07,1.65
2023,2020-01-08,1.81
2023,2020-01-09,2.16
2023,2020-01-10,2.51
2023,2020-01-11,2.69
2023,2020-01-12,2.85
2023,2020-01-13,3.0
2023,2020-01-14,3.23
2023,2020-01-15,3.57
2023,2020-01-16,3.68
2023,2020-01-17,3.74
2023,2020-01-18,3.75
2023,2020-01-19,3.61
2023,2020-01-20,3.31
2023,2020-01-21,2.97
2023,2020-01-22,2.69
2023,2020-01-23,2.47
2023,2020-01-24,2.35
2023,2020-01-25,2.31
2023,2020-01-26,2.19
2023,2020-01-27,1.99
2023,2020-01-28,1.69
2023,2020-01-29,1.39
2023,2020-01-30,1.18
2023,2020-01-31,1.07
2023,2020-02-01,0.99
2023,2020-02-02,0.76
2023,2020-02-03,0.65
2023,2020-02-04,0.56
2023,2020-02-05,0.41
2023,2020-02-06,0.11
2023,2020-02-07,-0.18
2023,2020-02-08,-0.45
2023,2020-02-09,-0.74
2023,2020-02-10,-0.99
2023,2020-02-11,-1.13
2023,2020-02-12,-1.15
2023,2020-02-13,-1.12
2023,2020-02-14,-1.08
2023,2020-02-15,-1.06
2023,2020-02-16,-0.94
2023,2020-02-17,-0.6
2023,2020-02-18,-0.15
2023,2020-02-19,0.2
2023,2020-02-20,0.5
2023,2020-02-21,0.76
2023,2020-02-22,1.01
2023,2020-02-23,1.28
2023,2020-02-24,1.61
2023,2020-02-25,1.79
2023,2020-02-26,1.84
2023,2020-02-27,1.82
2023,2020-02-28,1.72
2023,2020-03-01,1.66
2023,2020-03-02,1.71
2023,2020-03-03,1.71
2023,2020-03-04,1.75
2023,2020-03-05,1.89
2023,2020-03-06,2.12
2023,2020-03-07,2.4
2023,2020-03-08,2.79
2023,2020-03-09,3.24
2023,2020-03-10,3.59
2023,2020-03-11,3.69
2023,2020-03-12,3.67
2023,2020-03-13,3.88
2023,2020-03-14,4.07
2023,2020-03-15,4.14
2023,2020-03-16,4.16
2023,2020-03-17,4.12
2023,2020-03-18,4.01
2023,2020-03-19,4.02
2023,2020-03-20,4.07
2023,2020-03-21,4.13
2023,2020-03-22,4.29
2023,2020-03-23,4.5
2023,2020-03-24,4.67
2023,2020-03-25,4.86
2023,2020-03-26,5.18
2023,2020-03-27,5.36
2023,2020-03-28,5.44
2023,2020-03-29,5.55
2023,2020-03-30,5.75
2023,2020-03-31,5.96
2023,2020-04-01,6.15
2023,2020-04-02,6.32
2023,2020-04-03,6.33
2023,2020-04-04,6.25
2023,2020-04-05,6.08
2023,2020-04-06,5.89
2023,2020-04-07,5.82
2023,2020-04-08,5.84
2023,2020-04-09,5.89
2023,2020-04-10,5.85
2023,2020-04-11,5.8
2023,2020-04-12,5.96
2023,2020-04-13,6.06
2023,2020-04-14,5.99
2023,2020-04-15,5.88
2023,2020-04-16,5.82
2023,2020-04-17,5.82
2023,2020-04-18,5.79
2023,2020-04-19,5.65
2023,2020-04-20,5.5
2023,2020-04-21,5.46
2023,2020-04-22,5.6
2023,2020-04-23,5.79
2023,2020-04-24,6.01
2023,2020-04-25,6.23
2023,2020-04-26,6.34
2023,2020-04-27,6.34
2023,2020-04-28,6.37
2023,2020-04-29,6.51
2023,2020-04-30,6.67
2023,2020-05-01,6.98
2023,2020-05-02,7.34
2023,2020-05-03,7.68
2023,2020-05-04,8.0
2023,2020-05-05,8.33
2023,2020-05-06,8.73
2023,2020-05-07,9.06
2023,2020-05-08,9.21
2023,2020-05-09,9.42
2023,2020-05-10,9.56
2023,2020-05-11,9.74
2023,2020-05-12,9.95
2023,2020-05-13,10.16
2023,2020-05-14,10.28
2023,2020-05-15,10.37
2023,2020-05-16,10.41
2023,2020-05-17,10.44
2023,2020-05-18,10.49
2023,2020-05-19,10.54
2023,2020-05-20,10.63
2023,2020-05-21,10.79
2023,2020-05-22,11.1
2023,2020-05-23,11.41
2023,2020-05-24,11.64
2023,2020-05-25,11.89
2023,2020-05-26,12.13
2023,2020-05-27,12.25
2023,2020-05-28,12.39
2023,2020-05-29,12.58
2023,2020-05-30,12.77
2023,2020-05-31,12.97
2023,2020-06-01,13.17
2023,2020-06-02,13.29
2023,2020-06-03,13.33
2023,2020-06-04,13.39
2023,2020-06-05,13.53
2023,2020-06-06,13.68
2023,2020-06-07,13.86
2023,2020-06-08,14.07
2023,2020-06-09,14.33
2023,2020-06-10,14.58
2023,2020-06-11,14.86
2023,2020-06-12,15.06
2023,2020-06-13,15.25
2023,2020-06-14,15.51
2023,2020-06-15,15.75
2023,2020-06-16,15.91
2023,2020-06-17,15.97
2023,2020-06-18,16.04
2023,2020-06-19,16.14
2023,2020-06-20,16.39
2023,2020-06-21,16.74
2023,2020-06-22,17.05
2023,2020-06-23,17.15
2023,2020-06-24,17.17
2023,2020-06-25,17.31
2023,2020-06-26,17.49
2023,2020-06-27,17.55
2023,2020-06-28,17.55
2023,2020-06-29,17.6
2023,2020-06-30,17.66
2023,2020-07-01,17.74
2023,2020-07-02,17.86
2023,2020-07-03,17.99
2023,2020-07-04,18.12
2023,2020-07-05,18.18
2023,2020-07-06,18.25
2023,2020-07-07,18.34
2023,2020-07-08,18.49
2023,2020-07-09,18.71
2023,2020-07-10,18.97
2023,2020-07-11,19.29
2023,2020-07-12,19.55
2023,2020-07-13,19.67
2023,2020-07-14,19.83
2023,2020-07-15,20.1
2023,2020-07-16,20.28
2023,2020-07-17,20.35
2023,2020-07-18,20.34
2023,2020-07-19,20.29
2023,2020-07-20,20.16
2023,2020-07-21,20.12
2023,2020-07-22,20.19
2023,2020-07-23,20.24
2023,2020-07-24,20.26
2023,2020-07-25,20.24
2023,2020-07-26,20.15
2023,2020-07-27,20.05
2023,2020-07-28,20.06
2023,2020-07-29,20.15
2023,2020-07-30,20.18
2023,2020-07-31,20.2
2023,2020-08-01,20.09
2023,2020-08-02,20.1
2023,2020-08-03,20.08
2023,2020-08-04,19.95
2023,2020-08-05,19.72
2023,2020-08-06,19.4
2023,2020-08-07,18.99
2023,2020-08-08,18.64
2023,2020-08-09,18.34
2023,2020-08-10,18.21
2023,2020-08-11,18.13
2023,2020-08-12,17.99
2023,2020-08-13,17.92
2023,2020-08-14,17.91
2023,2020-08-15,17.91
2023,2020-08-16,17.89
2023,2020-08-17,17.91
2023,2020-08-18,18.02
2023,2020-08-19,18.17
2023,2020-08-20,18.27
2023,2020-08-21,18.36
2023,2020-08-22,18.65
2023,2020-08-23,19.0
2023,2020-08-24,19.28
2023,2020-08-25,19.44
2023,2020-08-26,19.49
2023,2020-08-27,19.5
2023,2020-08-28,19.39
2023,2020-08-29,19.28
2023,2020-08-30,19.1
2023,2020-08-31,19.02
2023,2020-09-01,19.08
2023,2020-09-02,19.23
2023,2020-09-03,19.36
2023,2020-09-04,19.54
2023,2020-09-05,19.62
2023,2020-09-06,19.75
2023,2020-09-07,19.88
2023,2020-09-08,19.91
2023,2020-09-09,19.88
2023,2020-09-10,19.8
2023,2020-09-11,19.71
2023,2020-09-12,19.65
2023,2020-09-13,19.57
2023,2020-09-14,19.45
2023,2020-09-15,19.29
2023,2020-09-16,19.13
2023,2020-09-17,18.95
2023,2020-09-18,18.75
2023,2020-09-19,18.46
2023,2020-09-20,18.23
2023,2020-09-21,18.05
2023,2020-09-22,17.77
2023,2020-09-23,17.44
2023,2020-09-24,17.19
2023,2020-09-25,17.1
2023,2020-09-26,17.21
2023,2020-09-27,17.31
2023,2020-09-28,17.36
2023,2020-09-29,17.32
2023,2020-09-30,17.21
2023,2020-10-01,17.11
2023,2020-10-02,17.08
2023,2020-10-03,17.1
2023,2020-10-04,16.95
2023,2020-10-05,16.72
2023,2020-10-06,16.5
2023,2020-10-07,16.34
2023,2020-10-08,16.16
2023,2020-10-09,15.94
2023,2020-10-10,15.73
2023,2020-10-11,15.58
2023,2020-10-12,15.52
2023,2020-10-13,15.53
2023,2020-10-14,15.44
2023,2020-10-15,15.06
2023,2020-10-16,14.58
2023,2020-10-17,14.17
2023,2020-10-18,13.81
2023,2020-10-19,13.54
2023,2020-10-20,13.52
2023,2020-10-21,13.58
2023,2020-10-22,13.57
2023,2020-10-23,13.46
2023,2020-10-24,13.28
2023,2020-10-25,13.1
2023,2020-10-26,12.91
2023,2020-10-27,12.68
2023,2020-10-28,12.45
2023,2020-10-29,12.27
2023,2020-10-30,12.11
2023,2020-10-31,11.82
2023,2020-11-01,11.64
2023,2020-11-02,11.53
2023,2020-11-03,11.28
2023,2020-11-04,10.92
2023,2020-11-05,10.67
2023,2020-11-06,10.44
2023,2020-11-07,10.15
2023,2020-11-08,9.8
2023,2020-11-09,9.38
2023,2020-11-10,8.97
2023,2020-11-11,8.59
2023,2020-11-12,8.41
2023,2020-11-13,8.42
2023,2020-11-14,8.57
2023,2020-11-15,8.61
2023,2020-11-16,8.43
2023,2020-11-17,8.02
2023,2020-11-18,7.61
2023,2020-11-19,7.36
2023,2020-11-20,7.25
2023,2020-11-21,7.04
2023,2020-11-22,6.71
2023,2020-11-23,6.41
2023,2020-11-24,6.18
2023,2020-11-25,5.83
2023,2020-11-26,5.46
2023,2020-11-27,5.06
2023,2020-11-28,4.76
2023,2020-11-29,4.37
2023,2020-11-30,3.99
2023,2020-12-01,3.81
2023,2020-12-02,3.59
2023,2020-12-03,3.12
2023,2020-12-04,2.61
2023,2020-12-05,2.31
2023,2020-12-06,2.12
2023,2020-12-07,1.94
2023,2020-12-08,1.65
2023,2020-12-09,1.49
2023,2020-12-10,1.45
2023,2020-12-11,1.37
2023,2020-12-12,1.19
2023,2020-12-13,1.04
2023,2020-12-14,0.95
2023,2020-12-15,0.88
2023,2020-12-16,0.85
2023,2020-12-17,0.72
2023,2020-12-18,0.53
2023,2020-12-19,0.39
2023,2020-12-20,0.38
2023,2020-12-21,0.45
2023,2020-12-22,0.45
2023,2020-12-23,0.61
2023,2020-12-24,0.86
2023,2020-12-25,1.15
2023,2020-12-26,1.33
2023,2020-12-27,1.55
2023,2020-12-28,1.69
2023,2020-12-29,1.81
2023,2020-12-30,2.0
2023,2020-12-31,2.25
2024,2020-01-01,2.58
2024,2020-01-02,2.72
2024,2020-01-03,2.95
2024,2020-01-04,3.17
2024,2020-01-05,3.36
2024,2020-01-06,3.46
2024,2020-01-07,3.36
2024,2020-01-08,3.1
2024,2020-01-09,2.73
2024,2020-01-10,2.41
2024,2020-01-11,2.11
2024,2020-01-12,1.93
2024,2020-01-13,1.72
2024,2020-01-14,1.55
2024,2020-01-15,1.44
2024,2020-01-16,1.31
2024,2020-01-17,1.18
2024,2020-01-18,1.13
2024,2020-01-19,0.92
2024,2020-01-20,0.6
2024,2020-01-21,0.21
2024,2020-01-22,-0.17
2024,2020-01-23,-0.29
2024,2020-01-24,-0.21
2024,2020-01-25,-0.07
2024,2020-01-26,-0.04
2024,2020-01-27,-0.07
2024,2020-01-28,-0.11
2024,2020-01-29,-0.19
2024,2020-01-30,-0.24
2024,2020-01-31,-0.39
2024,2020-02-01,-0.46
2024,2020-02-02,-0.4
2024,2020-02-03,-0.24
2024,2020-02-04,0.04
2024,2020-02-05,0.49
2024,2020-02-06,0.95
2024,2020-02-07,1.38
2024,2020-02-08,1.81
2024,2020-02-09,2.19
2024,2020-02-10,2.63
2024,2020-02-11,2.98
2024,2020-02-12,3.22
2024,2020-02-13,3.45
2024,2020-02-14,3.65
2024,2020-02-15,3.78
2024,2020-02-16,4.13
2024,2020-02-17,4.56
2024,2020-02-18,4.96
2024,2020-02-19,5.24
2024,2020-02-20,5.34
2024,2020-02-21,5.31
2024,2020-02-22,5.32
2024,2020-02-23,5.31
2024,2020-02-24,5.32
2024,2020-02-25,5.44
2024,2020-02-26,5.61
2024,2020-02-27,5.79
2024,2020-02-28,5.95
2024,2020-02-29,6.1
2024,2020-03-01,6.17
2024,2020-03-02,6.16
2024,2020-03-03,6.2
2024,2020-03-04,6.15
2024,2020-03-05,6.14
2024,2020-03-06,6.06
2024,2020-03-07,5.89
2024,2020-03-08,5.71
2024,2020-03-09,5.62
2024,2020-03-10,5.7
2024,2020-03-11,5.75
2024,2020-03-12,5.82
2024,2020-03-13,5.91
2024,2020-03-14,5.93
2024,2020-03-15,6.0
2024,2020-03-16,6.08
2024,2020-03-17,6.12
2024,2020-03-18,6.13
2024,2020-03-19,6.1
2024,2020-03-20,6.13
2024,2020-03-21,6.2
2024,2020-03-22,6.41
2024,2020-03-23,6.56
2024,2020-03-24,6.53
2024,2020-03-25,6.52
2024,2020-03-26,6.57
2024,2020-03-27,6.72
2024,2020-03-28,6.72
2024,2020-03-29,6.87
2024,2020-03-30,7.14
2024,2020-03-31,7.33
2024,2020-04-01,7.5
2024,2020-04-02,7.57
2024,2020-04-03,7.71
2024,2020-04-04,8.03
2024,2020-04-05,8.44
2024,2020-04-06,8.81
2024,2020-04-07,9.09
2024,2020-04-08,9.49
2024,2020-04-09,9.83
2024,2020-04-10,9.88
2024,2020-04-11,9.99
2024,2020-04-12,10.13
2024,2020-04-13,10.35
2024,2020-04-14,10.69
2024,2020-04-15,10.96
2024,2020-04-16,11.01
2024,2020-04-17,10.94
2024,2020-04-18,10.78
2024,2020-04-19,10.56
2024,2020-04-20,10.43
2024,2020-04-21,10.43
2024,2020-04-22,10.37
2024,2020-04-23,10.2
2024,2020-04-24,9.95
2024,2020-04-25,9.85
2024,2020-04-26,9.73
2024,2020-04-27,9.61
2024,2020-04-28,9.61
2024,2020-04-29,9.74
2024,2020-04-30,10.05
2024,2020-05-01,10.28
2024,2020-05-02,10.39
2024,2020-05-03,10.25
2024,2020-05-04,10.13
2024,2020-05-05,10.07
2024,2020-05-06,9.96
2024,2020-05-07,9.86
2024,2020-05-08,9.96
2024,2020-05-09,10.03
2024,2020-05-10,10.03
2024,2020-05-11,9.99
2024,2020-05-12,9.9
2024,2020-05-13,9.89
2024,2020-05-14,10.2
2024,2020-05-15,10.57
2024,2020-05-16,10.94
2024,2020-05-17,11.21
2024,2020-05-18,11.56
2024,2020-05-19,12.0
2024,2020-05-20,12.48
2024,2020-05-21,12.92
2024,2020-05-22,13.3
2024,2020-05-23,13.67
2024,2020-05-24,13.91
2024,2020-05-25,14.03
2024,2020-05-26,14.07
2024,2020-05-27,14.11
2024,2020-05-28,13.98
2024,2020-05-29,13.96
2024,2020-05-30,13.96
2024,2020-05-31,14.03
2024,2020-06-01,13.99
2024,2020-06-02,13.99
2024,2020-06-03,13.97
2024,2020-06-04,14.06
2024,2020-06-05,14.28
2024,2020-06-06,14.5
2024,2020-06-07,14.7
2024,2020-06-08,14.88
2024,2020-06-09,15.02
2024,2020-06-10,15.09
2024,2020-06-11,15.04
2024,2020-06-12,14.91
2024,2020-06-13,14.85
2024,2020-06-14,14.93
2024,2020-06-15,15.02
2024,2020-06-16,15.06
2024,2020-06-17,15.13
2024,2020-06-18,15.38
2024,2020-06-19,15.7
2024,2020-06-20,15.92
2024,2020-06-21,16.21
2024,2020-06-22,16.37
2024,2020-06-23,16.47
2024,2020-06-24,16.57
2024,2020-06-25,16.8
2024,2020-06-26,17.0
2024,2020-06-27,17.19
2024,2020-06-28,17.53
2024,2020-06-29,17.99
2024,2020-06-30,18.28
2024,2020-07-01,18.4
2024,2020-07-02,18.44
2024,2020-07-03,18.36
2024,2020-07-04,18.27
2024,2020-07-05,18.3
2024,2020-07-06,18.37
2024,2020-07-07,18.34
2024,2020-07-08,18.48
2024,2020-07-09,18.85
2024,2020-07-10,19.31
2024,2020-07-11,19.69
2024,2020-07-12,19.95
2024,2020-07-13,20.07
2024,2020-07-14,20.23
2024,2020-07-15,20.4
2024,2020-07-16,20.44
2024,2020-07-17,20.35
2024,2020-07-18,20.4
2024,2020-07-19,20.43
2024,2020-07-20,20.49
2024,2020-07-21,20.63
2024,2020-07-22,20.69
2024,2020-07-23,20.73
2024,2020-07-24,20.69
2024,2020-07-25,20.66
2024,2020-07-26,20.61
2024,2020-07-27,20.58
2024,2020-07-28,20.51
2024,2020-07-29,20.58
2024,2020-07-30,20.73
2024,2020-07-31,21.01
2024,2020-08-01,21.23
2024,2020-08-02,21.26
2024,2020-08-03,21.17
2024,2020-08-04,21.22
2024,2020-08-05,21.18
2024,2020-08-06,21.04
2024,2020-08-07,20.91
2024,2020-08-08,20.8
2024,2020-08-09,20.77
2024,2020-08-10,20.89
2024,2020-08-11,20.99
2024,2020-08-12,21.02
2024,2020-08-13,21.06
2024,2020-08-14,21.17
2024,2020-08-15,21.21
2024,2020-08-16,21.24
2024,2020-08-17,21.31
2024,2020-08-18,21.26
2024,2020-08-19,21.17
2024,2020-08-20,21.15
2024,2020-08-21,21.15
2024,2020-08-22,21.12
2024,2020-08-23,21.13
2024,2020-08-24,21.11
2024,2020-08-25,21.1
2024,2020-08-26,21.06
2024,2020-08-27,21.04
2024,2020-08-28,21.01
2024,2020-08-29,21.02
2024,2020-08-30,21.1
2024,2020-08-31,21.24
2024,2020-09-01,21.35
2024,2020-09-02,21.47
2024,2020-09-03,21.56
2024,2020-09-04,21.61
2024,2020-09-05,21.66
2024,2020-09-06,21.61
2024,2020-09-07,21.53
2024,2020-09-08,21.43
2024,2020-09-09,21.09
2024,2020-09-10,20.76
2024,2020-09-11,20.45
2024,2020-09-12,19.91
2024,2020-09-13,19.28
2024,2020-09-14,18.73
2024,2020-09-15,18.28
2024,2020-09-16,17.94
2024,2020-09-17,17.62
2024,2020-09-18,17.43
2024,2020-09-19,17.27
2024,2020-09-20,17.02
2024,2020-09-21,16.7
2024,2020-09-22,16.48
2024,2020-09-23,16.34
2024,2020-09-24,16.12
2024,2020-09-25,15.84
2024,2020-09-26,15.6
2024,2020-09-27,15.28
2024,2020-09-28,14.84
2024,2020-09-29,14.35
2024,2020-09-30,13.88
2024,2020-10-01,13.48
2024,2020-10-02,13.05
2024,2020-10-03,12.6
2024,2020-10-04,12.19
2024,2020-10-05,11.76
2024,2020-10-06,11.31
2024,2020-10-07,11.17
2024,2020-10-08,11.14
2024,2020-10-09,11.11
2024,2020-10-10,11.26
2024,2020-10-11,11.41
2024,2020-10-12,11.48
2024,2020-10-13,11.55
2024,2020-10-14,11.59
2024,2020-10-15,11.58
2024,2020-10-16,11.46
2024,2020-10-17,11.39
2024,2020-10-18,11.32
2024,2020-10-19,11.21
2024,2020-10-20,11.09
2024,2020-10-21,10.95
2024,2020-10-22,10.88
2024,2020-10-23,10.77
2024,2020-10-24,10.59
2024,2020-10-25,10.5
2024,2020-10-26,10.53
2024,2020-10-27,10.65
2024,2020-10-28,10.73
2024,2020-10-29,10.72
2024,2020-10-30,10.74
2024,2020-10-31,10.78
2024,2020-11-01,10.82
2024,2020-11-02,10.81
2024,2020-11-03,10.7
2024,2020-11-04,10.49
2024,2020-11-05,10.17
2024,2020-11-06,9.86
2024,2020-11-07,9.59
2024,2020-11-08,9.38
2024,2020-11-09,9.21
2024,2020-11-10,8.93
2024,2020-11-11,8.65
2024,2020-11-12,8.32
2024,2020-11-13,7.96
2024,2020-11-14,7.61
2024,2020-11-15,7.31
2024,2020-11-16,6.99
2024,2020-11-17,6.67
2024,2020-11-18,6.45
2024,2020-11-19,6.2
2024,2020-11-20,5.89
2024,2020-11-21,5.48
2024,2020-11-22,5.05
2024,2020-11-23,4.65
2024,2020-11-24,4.31
2024,2020-11-25,4.03
2024,2020-11-26,3.8
2024,2020-11-27,3.54
2024,2020-11-28,3.32
2024,2020-11-29,3.1
2024,2020-11-30,2.83
2024,2020-12-01,2.63
2024,2020-12-02,2.48
2024,2020-12-03,2.34
2024,2020-12-04,2.2
2024,2020-12-05,2.01
2024,2020-12-06,1.89
2024,2020-12-07,1.84
2024,2020-12-08,1.81
2024,2020-12-09,1.78
2024,2020-12-10,1.74
2024,2020-12-11,1.71
2024,2020-12-12,1.62
2024,2020-12-13,1.43
2024,2020-12-14,1.36
2024,2020-12-15,1.35
2024,2020-12-16,1.38
2024,2020-12-17,1.39
2024,2020-12-18,1.46
2024,2020-12-19,1.59
2024,2020-12-20,1.7
2024,2020-12-21,1.7
2024,2020-12-22,1.66
2024,2020-12-23,1.56
2024,2020-12-24,1.44
2024,2020-12-25,1.3
2024,2020-12-26,1.06
2024,2020-12-27,0.9
2024,2020-12-28,0.85
2024,2020-12-29,0.81
2024,2020-12-30,0.71
2024,2020-12-31,0.55
2025,2020-01-01,0.4
2025,2020-01-02,0.41
2025,2020-01-03,0.34
2025,2020-01-04,0.14
2025,2020-01-05,0.07
2025,2020-01-06,0.14
2025,2020-01-07,0.21
2025,2020-01-08,0.3
2025,2020-01-09,0.49
2025,2020-01-10,0.54
2025,2020-01-11,0.46
2025,2020-01-12,0.3
2025,2020-01-13,-0.03
2025,2020-01-14,-0.34
2025,2020-01-15,-0.52
2025,2020-01-16,-0.64
2025,2020-01-17,-0.76
2025,2020-01-18,-0.84
2025,2020-01-19,-0.95
2025,2020-01-20,-1.02
2025,2020-01-21,-1.11
2025,2020-01-22,-1.15
2025,2020-01-23,-1.03
2025,2020-01-24,-0.89
2025,2020-01-25,-0.75
2025,2020-01-26,-0.57
2025,2020-01-27,-0.31
2025,2020-01-28,-0.01
2025,2020-01-29,0.21
2025,2020-01-30,0.29
2025,2020-01-31,0.36
2025,2020-02-01,0.51
2025,2020-02-02,0.52
2025,2020-02-03,0.38
2025,2020-02-04,0.24
2025,2020-02-05,0.13
2025,2020-02-06,-0.03
2025,2020-02-07,0.0
2025,2020-02-08,0.12
2025,2020-02-09,0.25
2025,2020-02-10,0.44
2025,2020-02-11,0.65
2025,2020-02-12,0.72
2025,2020-02-13,0.77
2025,2020-02-14,0.78
2025,2020-02-15,0.76
2025,2020-02-16,0.72
2025,2020-02-17,0.66
2025,2020-02-18,0.61
2025,2020-02-19,0.55
2025,2020-02-20,0.49
2025,2020-02-21,0.48
2025,2020-02-22,0.43
2025,2020-02-23,0.38
2025,2020-02-24,0.39
2025,2020-02-25,0.38
2025,2020-02-26,0.43
2025,2020-02-27,0.5
2025,2020-02-28,0.55
2025,2020-03-01,0.6
2025,2020-03-02,0.69
2025,2020-03-03,0.82
2025,2020-03-04,1.01
2025,2020-03-05,1.22
2025,2020-03-06,1.49
2025,2020-03-07,1.75
2025,2020-03-08,2.0
2025,2020-03-09,2.29
2025,2020-03-10,2.55
2025,2020-03-11,2.73
2025,2020-03-12,2.97
2025,2020-03-13,3.13
2025,2020-03-14,3.29
2025,2020-03-15,3.5
2025,2020-03-16,3.7
2025,2020-03-17,3.86
2025,2020-03-18,3.96
2025,2020-03-19,4.19
2025,2020-03-20,4.42
2025,2020-03-21,4.62
2025,2020-03-22,4.86
2025,2020-03-23,5.11
2025,2020-03-24,5.22
2025,2020-03-25,5.35
2025,2020-03-26,5.47
2025,2020-03-27,5.59
2025,2020-03-28,5.71
2025,2020-03-29,5.87
2025,2020-03-30,6.08
2025,2020-03-31,6.17
2025,2020-04-01,6.24
2025,2020-04-02,6.32
2025,2020-04-03,6.4
2025,2020-04-04,6.48
2025,2020-04-05,6.54
2025,2020-04-06,6.29
2025,2020-04-07,6.11
2025,2020-04-08,6.06
2025,2020-04-09,5.98
2025,2020-04-10,6.04
2025,2020-04-11,6.31
2025,2020-04-12,6.64
2025,2020-04-13,6.96
2025,2020-04-14,7.39
2025,2020-04-15,7.89
2025,2020-04-16,8.35
2025,2020-04-17,8.68
2025,2020-04-18,8.73
2025,2020-04-19,8.81
2025,2020-04-20,8.92
2025,2020-04-21,9.09
2025,2020-04-22,9.28
2025,2020-04-23,9.49
2025,2020-04-24,9.61
2025,2020-04-25,9.69
2025,2020-04-26,9.81
2025,2020-04-27,9.9
2025,2020-04-28,10.17
2025,2020-04-29,10.48
2025,2020-04-30,10.73
2025,2020-05-01,10.94
2025,2020-05-02,11.2
2025,2020-05-03,11.46
2025,2020-05-04,11.84
2025,2020-05-05,11.98
2025,2020-05-06,12.06
2025,2020-05-07,12.17
2025,2020-05-08,12.18
2025,2020-05-09,12.07
2025,2020-05-10,12.0
2025,2020-05-11,11.99
2025,2020-05-12,11.91
2025,2020-05-13,11.83
2025,2020-05-14,11.73
2025,2020-05-15,11.59
2025,2020-05-16,11.56
2025,2020-05-17,11.51
2025,2020-05-18,11.42
2025,2020-05-19,11.4
2025,2020-05-20,11.39
2025,2020-05-21,11.39
2025,2020-05-22,11.4
2025,2020-05-23,11.42
2025,2020-05-24,11.42
2025,2020-05-25,11.42
2025,2020-05-26,11.46
2025,2020-05-27,11.44
2025,2020-05-28,11.41
2025,2020-05-29,11.31
2025,2020-05-30,11.26
2025,2020-05-31,11.34
2025,2020-06-01,11.55
2025,2020-06-02,11.93
2025,2020-06-03,12.27
2025,2020-06-04,12.66
2025,2020-06-05,13.03
2025,2020-06-06,13.45
2025,2020-06-07,13.73
2025,2020-06-08,13.84
2025,2020-06-09,13.95
2025,2020-06-10,14.16
2025,2020-06-11,14.34
2025,2020-06-12,14.58
2025,2020-06-13,14.97
2025,2020-06-14,15.33
2025,2020-06-15,15.73
2025,2020-06-16,15.88
2025,2020-06-17,16.02
2025,2020-06-18,16.21
2025,2020-06-19,16.58
2025,2020-06-20,16.93
2025,2020-06-21,17.24
2025,2020-06-22,17.59
2025,2020-06-23,17.86
2025,2020-06-24,18.14
2025,2020-06-25,18.49
2025,2020-06-26,18.84
2025,2020-06-27,19.02
2025,2020-06-28,19.1
2025,2020-06-29,19.27
2025,2020-06-30,19.46
2025,2020-07-01,19.64
2025,2020-07-02,19.77
2025,2020-07-03,19.94
2025,2020-07-04,19.94
2025,2020-07-05,20.04
2025,2020-07-06,20.26
2025,2020-07-07,20.33
2025,2020-07-08,20.16
2025,2020-07-09,20.02
2025,2020-07-10,19.93
2025,2020-07-11,19.79
2025,2020-07-12,19.68
2025,2020-07-13,19.6
2025,2020-07-14,19.69
2025,2020-07-15,19.77
2025,2020-07-16,19.69
2025,2020-07-17,19.48
2025,2020-07-18,19.42
2025,2020-07-19,19.48
2025,2020-07-20,19.54
2025,2020-07-21,19.46
2025,2020-07-22,19.35
2025,2020-07-23,19.19
2025,2020-07-24,19.03
2025,2020-07-25,18.93
2025,2020-07-26,18.76
2025,2020-07-27,18.51
2025,2020-07-28,18.25
2025,2020-07-29,17.99
2025,2020-07-30,17.7
2025,2020-07-31,17.47
2025,2020-08-01,17.36
2025,2020-08-02,17.16
2025,2020-08-03,16.95
2025,2020-08-04,16.91
2025,2020-08-05,17.12
2025,2020-08-06,17.23
2025,2020-08-07,17.34
2025,2020-08-08,17.57
2025,2020-08-09,17.8
2025,2020-08-10,17.96
2025,2020-08-11,18.01
2025,2020-08-12,18.07
2025,2020-08-13,18.29
2025,2020-08-14,18.58
2025,2020-08-15,18.79
2025,2020-08-16,18.85
2025,2020-08-17,18.74
2025,2020-08-18,18.7
2025,2020-08-19,18.69
2025,2020-08-20,18.68
2025,2020-08-21,18.64
2025,2020-08-22,18.59
2025,2020-08-23,18.47
2025,2020-08-24,18.36
2025,2020-08-25,18.33
2025,2020-08-26,18.41
2025,2020-08-27,18.53
2025,2020-08-28,18.67
2025,2020-08-29,18.76
2025,2020-08-30,18.79
2025,2020-08-31,18.84
2025,2020-09-01,18.94
2025,2020-09-02,18.84
2025,2020-09-03,18.85
2025,2020-09-04,18.87
2025,2020-09-05,18.66
2025,2020-09-06,18.35
2025,2020-09-07,18.03
2025,2020-09-08,17.88
2025,2020-09-09,17.71
2025,2020-09-10,17.41
2025,2020-09-11,17.15
2025,2020-09-12,16.84
2025,2020-09-13,16.62
2025,2020-09-14,16.46
2025,2020-09-15,16.43
2025,2020-09-16,16.29
2025,2020-09-17,16.09
2025,2020-09-18,16.07
2025,2020-09-19,16.12
2025,2020-09-20,16.3
2025,2020-09-21,16.5
2025,2020-09-22,16.56
2025,2020-09-23,16.4
2025,2020-09-24,16.11
2025,2020-09-25,15.76
2025,2020-09-26,15.49
2025,2020-09-27,15.34
2025,2020-09-28,15.18
2025,2020-09-29,14.91
2025,2020-09-30,14.63
2025,2020-10-01,14.27
2025,2020-10-02,13.83
2025,2020-10-03,13.45
2025,2020-10-04,13.21
2025,2020-10-05,12.96
2025,2020-10-06,12.65
2025,2020-10-07,12.41
2025,2020-10-08,12.27
2025,2020-10-09,12.11
2025,2020-10-10,11.99
2025,2020-10-11,11.84
2025,2020-10-12,11.7
2025,2020-10-13,11.44
2025,2020-10-14,11.25
2025,2020-10-15,11.1
2025,2020-10-16,10.82
2025,2020-10-17,10.49
2025,2020-10-18,10.07
2025,2020-10-19,9.58
2025,2020-10-20,9.25
2025,2020-10-21,9.15
2025,2020-10-22,9.15
2025,2020-10-23,9.12
2025,2020-10-24,8.95
2025,2020-10-25,8.75
2025,2020-10-26,8.56
2025,2020-10-27,8.39
2025,2020-10-28,8.38
2025,2020-10-29,8.44
2025,2020-10-30,8.56
2025,2020-10-31,8.69
2025,2020-11-01,8.79
2025,2020-11-02,8.86
2025,2020-11-03,8.83
2025,2020-11-04,8.68
2025,2020-11-05,8.48
2025,2020-11-06,8.27
2025,2020-11-07,8.06
2025,2020-11-08,7.82
2025,2020-11-09,7.65
2025,2020-11-10,7.51
2025,2020-11-11,7.37
2025,2020-11-12,7.19
2025,2020-11-13,7.07
2025,2020-11-14,6.96
2025,2020-11-15,6.93
2025,2020-11-16,6.98
2025,2020-11-17,6.89
2025,2020-11-18,6.55
2025,2020-11-19,6.13
2025,2020-11-20,5.78
2025,2020-11-21,5.5
2025,2020-11-22,5.18
2025,2020-11-23,4.79
2025,2020-11-24,4.59
2025,2020-11-25,4.35
2025,2020-11-26,4.07
2025,2020-11-27,3.72
2025,2020-11-28,3.3
2025,2020-11-29,2.9
2025,2020-11-30,2.59
2025,2020-12-01,2.43
2025,2020-12-02,2.28
2025,2020-12-03,2.12
2025,2020-12-04,1.98
2025,2020-12-05,1.88
2025,2020-12-06,1.79
2025,2020-12-07,1.71
2025,2020-12-08,1.7
2025,2020-12-09,1.69
2025,2020-12-10,1.65
2025,2020-12-11,1.61
2025,2020-12-12,1.5
2025,2020-12-13,1.31
2025,2020-12-14,1.06
2025,2020-12-15,0.85
2025,2020-12-16,0.85
2025,2020-12-17,0.96
2025,2020-12-18,1.03
2025,2020-12-19,1.13
2025,2020-12-20,1.27
2025,2020-12-21,1.46
2025,2020-12-22,1.5
2025,2020-12-23,1.49
2025,2020-12-24,1.42
2025,2020-12-25,1.38
2025,2020-12-26,1.44
2025,2020-12-27,1.44
2025,2020-12-28,1.39
2025,2020-12-29,1.25
2025,2020-12-30,1.13
2025,2020-12-31,0.94
2026,2020-01-01,0.81
2026,2020-01-02,0.7
2026,2020-01-03,0.55
2026,2020-01-04,0.26
2026,2020-01-05,-0.2
2026,2020-01-06,-0.59
2026,2020-01-07,-0.95
2026,2020-01-08,-1.29
2026,2020-01-09,-1.47
2026,2020-01-10,-1.62
2026,2020-01-11,-1.83
2026,2020-01-12,-1.98
2026,2020-01-13,-1.99
2026,2020-01-14,-2.07
2026,2020-01-15,-2.16
2026,2020-01-16,-2.26
2026,2020-01-17,-2.29
2026,2020-01-18,-2.34
2026,2020-01-19,-2.48
2026,2020-01-20,-2.68
2026,2020-01-21,-2.86
2026,2020-01-22,-3.03
2026,2020-01-23,-3.14
2026,2020-01-24,-3.19
2026,2020-01-25,-3.18
2026,2020-01-26,-3.09
2026,2020-01-27,-3.02
2026,2020-01-28,-2.85
2026,2020-01-29,-2.75
2026,2020-01-30,-2.74
2026,2020-01-31,-2.7
2026,2020-02-01,-2.6
2026,2020-02-02,-2.39
2026,2020-02-03,-2.17
2026,2020-02-04,-1.92
2026,2020-02-05,-1.64
2026,2020-02-06,-1.43
2026,2020-02-07,-1.19
2026,2020-02-08,-0.87
2026,2020-02-09,-0.63
2026,2020-02-10,-0.56
2026,2020-02-11,-0.41
2026,2020-02-12,-0.21
2026,2020-02-13,0.01
2026,2020-02-14,0.11
2026,2020-02-15,0.09
2026,2020-02-16,0.16
2026,2020-02-17,0.36
2026,2020-02-18,0.59
2026,2020-02-19,0.81
2026,2020-02-20,0.93
2026,2020-02-21,1.04
2026,2020-02-22,1.21
2026,2020-02-23,1.46
2026,2020-02-24,1.66
2026,2020-02-25,1.82
2026,2020-02-26,1.95
2026,2020-02-27,2.16
2026,2020-02-28,2.39
2026,2020-03-01,2.67
2026,2020-03-02,2.93
2026,2020-03-03,3.11
2026,2020-03-04,3.27
2026,2020-03-05,3.38
2026,2020-03-06,3.52
2026,2020-03-07,3.64
2026,2020-03-08,3.79
2026,2020-03-09,3.99
2026,2020-03-10,4.2
2026,2020-03-11,4.33
2026,2020-03-12,4.39
2026,2020-03-13,4.47
2026,2020-03-14,4.65
2026,2020-03-15,4.89
2026,2020-03-16,5.11
2026,2020-03-17,5.21
2026,2020-03-18,5.38
2026,2020-03-19,5.58
2026,2020-03-20,5.8
2026,2020-03-21,5.95
2026,2020-03-22,5.99
2026,2020-03-23,5.93
2026,2020-03-24,5.99
2026,2020-03-25,6.06
2026,2020-03-26,5.98
2026,2020-03-27,5.85
2026,2020-03-28,5.73
2026,2020-03-29,5.63
2026,2020-03-30,5.53
2026,2020-03-31,5.45
2026,2020-04-01,5.43
2026,2020-04-02,5.4
2026,2020-04-03,5.42
2026,2020-04-04,5.48
2026,2020-04-05,5.7
2026,2020-04-06,5.85
2026,2020-04-07,5.94
2026,2020-04-08,5.97
2026,2020-04-09,5.99
2026,2020-04-10,5.88
2026,2020-04-11,5.88
2026,2020-04-12,6.03
2026,2020-04-13,6.23
2026,2020-04-14,6.43
2026,2020-04-15,6.61
2026,2020-04-16,6.84
2026,2020-04-17,7.11
2026,2020-04-18,7.36
2026,2020-04-19,7.55
2026,2020-04-20,7.65
2026,2020-04-21,7.62
2026,2020-04-22,7.62
2026,2020-04-23,7.9
2026,2020-04-24,8.26
2026,2020-04-25,8.65
2026,2020-04-26,8.96
2026,2020-04-27,9.26
2026,2020-04-28,9.58
2026,2020-04-29,9.77
2026,2020-04-30,9.87
2026,2020-05-01,9.98
2026,2020-05-02,10.19
2026,2020-05-03,10.28
2026,2020-05-04,10.47
2026,2020-05-05,10.67
2026,2020-05-06,10.91
2026,2020-05-07,11.1
2026,2020-05-08,11.4
2026,2020-05-09,11.59
2026,2020-05-10,11.75
2026,2020-05-11,11.85
2026,2020-05-12,11.77
2026,2020-05-13,11.71
2026,2020-05-14,11.58
2026,2020-05-15,11.41
2026,2020-05-16,11.25
2026,2020-05-17,11.19
2026,2020-05-18,11.26
2026,2020-05-19,11.48
2026,2020-05-20,11.71
2026,2020-05-21,11.89
2026,2020-05-22,12.03
2026,2020-05-23,12.2
2026,2020-05-24,12.49
2026,2020-05-25,12.84
2026,2020-05-26,13.2
2026,2020-05-27,13.62
2026,2020-05-28,14.01
2026,2020-05-29,14.27
2026,2020-05-30,14.42
2026,2020-05-31,14.49
2026,2020-06-01,14.43
2026,2020-06-02,14.48
2026,2020-06-03,14.42
2026,2020-06-04,14.55
2026,2020-06-05,14.55
2026,2020-06-06,14.63
2026,2020-06-07,14.77
2026,2020-06-08,14.97
2026,2020-06-09,15.33
2026,2020-06-10,15.44
2026,2020-06-11,15.56
2026,2020-06-12,15.73
2026,2020-06-13,16.11
2026,2020-06-14,16.38
2026,2020-06-15,16.56
2026,2020-06-16,16.72
2026,2020-06-17,16.94
2026,2020-06-18,17.2
2026,2020-06-19,17.47
2026,2020-06-20,17.66
2026,2020-06-21,17.8
2026,2020-06-22,17.87
2026,2020-06-23,17.92
2026,2020-06-24,17.99
2026,2020-06-25,18.21
2026,2020-06-26,18.49
2026,2020-06-27,18.78
2026,2020-06-28,19.11
2026,2020-06-29,19.46
2026,2020-06-30,19.72
2026,2020-07-01,19.96
2026,2020-07-02,20.08
2026,2020-07-03,20.32
2026,2020-07-04,20.45
2026,2020-07-05,20.47
2026,2020-07-06,20.46
2026,2020-07-07,20.67
2026,2020-07-08,20.94
2026,2020-07-09,21.22
2026,2020-07-10,21.5
2026,2020-07-11,21.62
2026,2020-07-12,21.76
2026,2020-07-13,22.0
2026,2020-07-14,22.18
2026,2020-07-15,22.23
2026,2020-07-16,22.24
2026,2020-07-17,22.19
2026,2020-07-18,22.1
2026,2020-07-19,21.87
2026,2020-07-20,21.65
2026,2020-07-21,21.42
2026,2020-07-22,21.2
2026,2020-07-23,20.93
2026,2020-07-24,20.61
2026,2020-07-25,20.35
2026,2020-07-26,20.11
2026,2020-07-27,19.9
2026,2020-07-28,19.79
2026,2020-07-29,19.91
2026,2020-07-30,20.13
2026,2020-07-31,20.36
2026,2020-08-01,20.54
2026,2020-08-02,20.71
2026,2020-08-03,20.96
2026,2020-08-04,21.12
2026,2020-08-05,21.38
2026,2020-08-06,21.55
2026,2020-08-07,21.6
2026,2020-08-08,21.59
2026,2020-08-09,21.66
2026,2020-08-10,21.71
2026,2020-08-11,21.76
2026,2020-08-12,21.75
2026,2020-08-13,21.69
2026,2020-08-14,21.65
2026,2020-08-15,21.74
2026,2020-08-16,21.93
2026,2020-08-17,21.99
2026,2020-08-18,22.0
2026,2020-08-19,22.14
2026,2020-08-20,22.3
2026,2020-08-21,22.38
2026,2020-08-22,22.27
2026,2020-08-23,22.15
2026,2020-08-24,22.1
2026,2020-08-25,21.96
2026,2020-08-26,21.81
2026,2020-08-27,21.66
2026,2020-08-28,21.54
2026,2020-08-29,21.35
2026,2020-08-30,21.25
2026,2020-08-31,21.04
2026,2020-09-01,20.72
2026,2020-09-02,20.43
2026,2020-09-03,20.27
2026,2020-09-04,20.28
2026,2020-09-05,20.19
2026,2020-09-06,20.02
2026,2020-09-07,19.84
2026,2020-09-08,19.79
2026,2020-09-09,19.69
2026,2020-09-10,19.42
2026,2020-09-11,19.09
2026,2020-09-12,18.77
2026,2020-09-13,18.5
2026,2020-09-14,18.38
2026,2020-09-15,18.35
2026,2020-09-16,18.2
2026,2020-09-17,17.95
2026,2020-09-18,17.79
2026,2020-09-19,17.75
2026,2020-09-20,17.75
2026,2020-09-21,17.58
2026,2020-09-22,17.37
2026,2020-09-23,17.06
2026,2020-09-24,16.65
2026,2020-09-25,16.24
1991–2020,2020-01-01,-0.93
1991–2020,2020-01-02,-1.02
1991–2020,2020-01-03,-1.08
1991–2020,2020-01-04,-1.13
1991–2020,2020-01-05,-1.18
1991–2020,2020-01-06,-1.21
1991–2020,2020-01-07,-1.22
1991–2020,2020-01-08,-1.24
1991–2020,2020-01-09,-1.25
1991–2020,2020-01-10,-1.22
1991–2020,2020-01-11,-1.21
1991–2020,2020-01-12,-1.2
1991–2020,2020-01-13,-1.18
1991–2020,2020-01-14,-1.16
1991–2020,2020-01-15,-1.17
1991–2020,2020-01-16,-1.19
1991–2020,2020-01-17,-1.21
1991–2020,2020-01-18,-1.24
1991–2020,2020-01-19,-1.27
1991–2020,2020-01-20,-1.32
1991–2020,2020-01-21,-1.35
1991–2020,2020-01-22,-1.39
1991–2020,2020-01-23,-1.42
1991–2020,2020-01-24,-1.44
1991–2020,2020-01-25,-1.46
1991–2020,2020-01-26,-1.46
1991–2020,2020-01-27,-1.47
1991–2020,2020-01-28,-1.45
1991–2020,2020-01-29,-1.44
1991–2020,2020-01-30,-1.43
1991–2020,2020-01-31,-1.44
1991–2020,2020-02-01,-1.44
1991–2020,2020-02-02,-1.44
1991–2020,2020-02-03,-1.42
1991–2020,2020-02-04,-1.42
1991–2020,2020-02-05,-1.42
1991–2020,2020-02-06,-1.43
1991–2020,2020-02-07,-1.43
1991–2020,2020-02-08,-1.42
1991–2020,2020-02-09,-1.42
1991–2020,2020-02-10,-1.41
1991–2020,2020-02-11,-1.39
1991–2020,2020-02-12,-1.36
1991–2020,2020-02-13,-1.3
1991–2020,2020-02-14,-1.25
1991–2020,2020-02-15,-1.2
1991–2020,2020-02-16,-1.14
1991–2020,2020-02-17,-1.1
1991–2020,2020-02-18,-1.06
1991–2020,2020-02-19,-0.99
1991–2020,2020-02-20,-0.89
1991–2020,2020-02-21,-0.78
1991–2020,2020-02-22,-0.66
1991–2020,2020-02-23,-0.54
1991–2020,2020-02-24,-0.43
1991–2020,2020-02-25,-0.34
1991–2020,2020-02-26,-0.25
1991–2020,2020-02-27,-0.16
1991–2020,2020-02-28,-0.04
1991–2020,2020-02-29,0.03
1991–2020,2020-03-01,0.11
1991–2020,2020-03-02,0.23
1991–2020,2020-03-03,0.36
1991–2020,2020-03-04,0.47
1991–2020,2020-03-05,0.55
1991–2020,2020-03-06,0.63
1991–2020,2020-03-07,0.73
1991–2020,2020-03-08,0.84
1991–2020,2020-03-09,0.98
1991–2020,2020-03-10,1.13
1991–2020,2020-03-11,1.28
1991–2020,2020-03-12,1.42
1991–2020,2020-03-13,1.56
1991–2020,2020-03-14,1.71
1991–2020,2020-03-15,1.87
1991–2020,2020-03-16,2.03
1991–2020,2020-03-17,2.21
1991–2020,2020-03-18,2.4
1991–2020,2020-03-19,2.56
1991–2020,2020-03-20,2.68
1991–2020,2020-03-21,2.79
1991–2020,2020-03-22,2.9
1991–2020,2020-03-23,3.02
1991–2020,2020-03-24,3.17
1991–2020,2020-03-25,3.31
1991–2020,2020-03-26,3.43
1991–2020,2020-03-27,3.55
1991–2020,2020-03-28,3.67
1991–2020,2020-03-29,3.79
1991–2020,2020-03-30,3.93
1991–2020,2020-03-31,4.07
1991–2020,2020-04-01,4.23
1991–2020,2020-04-02,4.43
1991–2020,2020-04-03,4.64
1991–2020,2020-04-04,4.84
1991–2020,2020-04-05,4.99
1991–2020,2020-04-06,5.1
1991–2020,2020-04-07,5.22
1991–2020,2020-04-08,5.33
1991–2020,2020-04-09,5.44
1991–2020,2020-04-10,5.58
1991–2020,2020-04-11,5.71
1991–2020,2020-04-12,5.83
1991–2020,2020-04-13,5.92
1991–2020,2020-04-14,6.0
1991–2020,2020-04-15,6.1
1991–2020,2020-04-16,6.23
1991–2020,2020-04-17,6.37
1991–2020,2020-04-18,6.5
1991–2020,2020-04-19,6.64
1991–2020,2020-04-20,6.8
1991–2020,2020-04-21,6.96
1991–2020,2020-04-22,7.15
1991–2020,2020-04-23,7.37
1991–2020,2020-04-24,7.58
1991–2020,2020-04-25,7.81
1991–2020,2020-04-26,8.02
1991–2020,2020-04-27,8.22
1991–2020,2020-04-28,8.39
1991–2020,2020-04-29,8.56
1991–2020,2020-04-30,8.73
1991–2020,2020-05-01,8.88
1991–2020,2020-05-02,9.04
1991–2020,2020-05-03,9.21
1991–2020,2020-05-04,9.39
1991–2020,2020-05-05,9.54
1991–2020,2020-05-06,9.72
1991–2020,2020-05-07,9.9
1991–2020,2020-05-08,10.07
1991–2020,2020-05-09,10.26
1991–2020,2020-05-10,10.48
1991–2020,2020-05-11,10.7
1991–2020,2020-05-12,10.9
1991–2020,2020-05-13,11.07
1991–2020,2020-05-14,11.22
1991–2020,2020-05-15,11.35
1991–2020,2020-05-16,11.5
1991–2020,2020-05-17,11.67
1991–2020,2020-05-18,11.85
1991–2020,2020-05-19,11.99
1991–2020,2020-05-20,12.08
1991–2020,2020-05-21,12.19
1991–2020,2020-05-22,12.3
1991–2020,2020-05-23,12.38
1991–2020,2020-05-24,12.47
1991–2020,2020-05-25,12.59
1991–2020,2020-05-26,12.72
1991–2020,2020-05-27,12.85
1991–2020,2020-05-28,12.94
1991–2020,2020-05-29,13.02
1991–2020,2020-05-30,13.1
1991–2020,2020-05-31,13.19
1991–2020,2020-06-01,13.31
1991–2020,2020-06-02,13.46
1991–2020,2020-06-03,13.61
1991–2020,2020-06-04,13.72
1991–2020,2020-06-05,13.83
1991–2020,2020-06-06,13.94
1991–2020,2020-06-07,14.04
1991–2020,2020-06-08,14.15
1991–2020,2020-06-09,14.29
1991–2020,2020-06-10,14.44
1991–2020,2020-06-11,14.59
1991–2020,2020-06-12,14.77
1991–2020,2020-06-13,14.92
1991–2020,2020-06-14,15.05
1991–2020,2020-06-15,15.17
1991–2020,2020-06-16,15.29
1991–2020,2020-06-17,15.42
1991–2020,2020-06-18,15.54
1991–2020,2020-06-19,15.66
1991–2020,2020-06-20,15.79
1991–2020,2020-06-21,15.93
1991–2020,2020-06-22,16.03
1991–2020,2020-06-23,16.11
1991–2020,2020-06-24,16.18
1991–2020,2020-06-25,16.26
1991–2020,2020-06-26,16.37
1991–2020,2020-06-27,16.48
1991–2020,2020-06-28,16.6
1991–2020,2020-06-29,16.72
1991–2020,2020-06-30,16.83
1991–2020,2020-07-01,16.92
1991–2020,2020-07-02,17.02
1991–2020,2020-07-03,17.12
1991–2020,2020-07-04,17.22
1991–2020,2020-07-05,17.3
1991–2020,2020-07-06,17.37
1991–2020,2020-07-07,17.42
1991–2020,2020-07-08,17.44
1991–2020,2020-07-09,17.47
1991–2020,2020-07-10,17.51
1991–2020,2020-07-11,17.54
1991–2020,2020-07-12,17.59
1991–2020,2020-07-13,17.62
1991–2020,2020-07-14,17.65
1991–2020,2020-07-15,17.69
1991–2020,2020-07-16,17.75
1991–2020,2020-07-17,17.8
1991–2020,2020-07-18,17.83
1991–2020,2020-07-19,17.88
1991–2020,2020-07-20,17.94
1991–2020,2020-07-21,18.01
1991–2020,2020-07-22,18.09
1991–2020,2020-07-23,18.17
1991–2020,2020-07-24,18.22
1991–2020,2020-07-25,18.24
1991–2020,2020-07-26,18.26
1991–2020,2020-07-27,18.32
1991–2020,2020-07-28,18.35
1991–2020,2020-07-29,18.38
1991–2020,2020-07-30,18.42
1991–2020,2020-07-31,18.45
1991–2020,2020-08-01,18.48
1991–2020,2020-08-02,18.52
1991–2020,2020-08-03,18.56
1991–2020,2020-08-04,18.6
1991–2020,2020-08-05,18.65
1991–2020,2020-08-06,18.71
1991–2020,2020-08-07,18.76
1991–2020,2020-08-08,18.83
1991–2020,2020-08-09,18.88
1991–2020,2020-08-10,18.9
1991–2020,2020-08-11,18.92
1991–2020,2020-08-12,18.93
1991–2020,2020-08-13,18.92
1991–2020,2020-08-14,18.89
1991–2020,2020-08-15,18.88
1991–2020,2020-08-16,18.84
1991–2020,2020-08-17,18.8
1991–2020,2020-08-18,18.79
1991–2020,2020-08-19,18.78
1991–2020,2020-08-20,18.76
1991–2020,2020-08-21,18.74
1991–2020,2020-08-22,18.73
1991–2020,2020-08-23,18.72
1991–2020,2020-08-24,18.66
1991–2020,2020-08-25,18.6
1991–2020,2020-08-26,18.55
1991–2020,2020-08-27,18.48
1991–2020,2020-08-28,18.4
1991–2020,2020-08-29,18.28
1991–2020,2020-08-30,18.14
1991–2020,2020-08-31,17.99
1991–2020,2020-09-01,17.84
1991–2020,2020-09-02,17.69
1991–2020,2020-09-03,17.55
1991–2020,2020-09-04,17.42
1991–2020,2020-09-05,17.25
1991–2020,2020-09-06,17.08
1991–2020,2020-09-07,16.94
1991–2020,2020-09-08,16.83
1991–2020,2020-09-09,16.71
1991–2020,2020-09-10,16.59
1991–2020,2020-09-11,16.48
1991–2020,2020-09-12,16.37
1991–2020,2020-09-13,16.24
1991–2020,2020-09-14,16.08
1991–2020,2020-09-15,15.9
1991–2020,2020-09-16,15.72
1991–2020,2020-09-17,15.54
1991–2020,2020-09-18,15.34
1991–2020,2020-09-19,15.13
1991–2020,2020-09-20,14.93
1991–2020,2020-09-21,14.75
1991–2020,2020-09-22,14.59
1991–2020,2020-09-23,14.42
1991–2020,2020-09-24,14.24
1991–2020,2020-09-25,14.07
1991–2020,2020-09-26,13.92
1991–2020,2020-09-27,13.78
1991–2020,2020-09-28,13.66
1991–2020,2020-09-29,13.55
1991–2020,2020-09-30,13.44
1991–2020,2020-10-01,13.32
1991–2020,2020-10-02,13.2
1991–2020,2020-10-03,13.09
1991–2020,2020-10-04,12.96
1991–2020,2020-10-05,12.83
1991–2020,2020-10-06,12.69
1991–2020,2020-10-07,12.54
1991–2020,2020-10-08,12.38
1991–2020,2020-10-09,12.21
1991–2020,2020-10-10,12.05
1991–2020,2020-10-11,11.89
1991–2020,2020-10-12,11.74
1991–2020,2020-10-13,11.57
1991–2020,2020-10-14,11.4
1991–2020,2020-10-15,11.25
1991–2020,2020-10-16,11.11
1991–2020,2020-10-17,10.95
1991–2020,2020-10-18,10.76
1991–2020,2020-10-19,10.56
1991–2020,2020-10-20,10.36
1991–2020,2020-10-21,10.18
1991–2020,2020-10-22,9.98
1991–2020,2020-10-23,9.82
1991–2020,2020-10-24,9.66
1991–2020,2020-10-25,9.5
1991–2020,2020-10-26,9.35
1991–2020,2020-10-27,9.18
1991–2020,2020-10-28,9.0
1991–2020,2020-10-29,8.83
1991–2020,2020-10-30,8.63
1991–2020,2020-10-31,8.45
1991–2020,2020-11-01,8.31
1991–2020,2020-11-02,8.15
1991–2020,2020-11-03,8.0
1991–2020,2020-11-04,7.87
1991–2020,2020-11-05,7.73
1991–2020,2020-11-06,7.58
1991–2020,2020-11-07,7.43
1991–2020,2020-11-08,7.27
1991–2020,2020-11-09,7.11
1991–2020,2020-11-10,6.94
1991–2020,2020-11-11,6.78
1991–2020,2020-11-12,6.61
1991–2020,2020-11-13,6.44
1991–2020,2020-11-14,6.3
1991–2020,2020-11-15,6.17
1991–2020,2020-11-16,6.06
1991–2020,2020-11-17,5.93
1991–2020,2020-11-18,5.77
1991–2020,2020-11-19,5.6
1991–2020,2020-11-20,5.41
1991–2020,2020-11-21,5.21
1991–2020,2020-11-22,5.0
1991–2020,2020-11-23,4.79
1991–2020,2020-11-24,4.61
1991–2020,2020-11-25,4.43
1991–2020,2020-11-26,4.25
1991–2020,2020-11-27,4.07
1991–2020,2020-11-28,3.88
1991–2020,2020-11-29,3.68
1991–2020,2020-11-30,3.48
1991–2020,2020-12-01,3.26
1991–2020,2020-12-02,3.04
1991–2020,2020-12-03,2.83
1991–2020,2020-12-04,2.64
1991–2020,2020-12-05,2.45
1991–2020,2020-12-06,2.26
1991–2020,2020-12-07,2.1
1991–2020,2020-12-08,1.95
1991–2020,2020-12-09,1.78
1991–2020,2020-12-10,1.61
1991–2020,2020-12-11,1.46
1991–2020,2020-12-12,1.33
1991–2020,2020-12-13,1.16
1991–2020,2020-12-14,0.99
1991–2020,2020-12-15,0.83
1991–2020,2020-12-16,0.67
1991–2020,2020-12-17,0.55
1991–2020,2020-12-18,0.43
1991–2020,2020-12-19,0.33
1991–2020,2020-12-20,0.23
1991–2020,2020-12-21,0.13
1991–2020,2020-12-22,0.05
1991–2020,2020-12-23,-0.02
1991–2020,2020-12-24,-0.09
1991–2020,2020-12-25,-0.16
1991–2020,2020-12-26,-0.24
1991–2020,2020-12-27,-0.34
1991–2020,2020-12-28,-0.44
1991–2020,2020-12-29,-0.55
1991–2020,2020-12-30,-0.65
1991–2020,2020-12-31,-0.74
