date,product,twh,mt.co2,twh.share,mt.co2.share
2019-01-01,oil,9.35944332111111,2.55422099066667,0.338540832720029,0.404714860019451
2019-01-01,coal,4.74027043791389,1.34731625856304,0.171460528827583,0.213481493174931
2019-01-01,gas,13.54671,2.40962461555556,0.489998638452388,0.381803646805618
2019-02-01,oil,8.75021590083333,2.39562922033333,0.372664844235732,0.438054914278724
2019-02-01,coal,4.35788281222611,1.24414774030901,0.185598816968751,0.227499742909004
2019-02-01,gas,10.372023,1.82901049555556,0.441736338795517,0.334445342812272
2019-03-01,oil,9.62869618305555,2.58175577633333,0.429156825892273,0.490064599016
2019-03-01,coal,4.30731321205333,1.20095313654501,0.191979560998263,0.227962932316473
2019-03-01,gas,8.500302,1.48548589555556,0.378863613109464,0.281972468667528
2019-04-01,oil,9.87459156111111,2.62475027,0.460740762698963,0.510384544027234
2019-04-01,coal,4.69097474785778,1.32944276128649,0.218877233529482,0.25851108400096
2019-04-01,gas,6.866424,1.18849849555556,0.320382003771555,0.231104371971806
2019-05-01,oil,10.1961327694444,2.693368941,0.493994623605729,0.542392936066078
2019-05-01,coal,4.40489274297167,1.236970336758,0.213413593348732,0.249102142141624
2019-05-01,gas,6.039144,1.03537609555556,0.292591783045539,0.208504921792299
2019-06-01,oil,10.1958423711111,2.68973605166667,0.556984379877853,0.605934190080826
2019-06-01,coal,3.81807944086389,1.03613585090646,0.208576254152329,0.23341700656601
2019-06-01,gas,4.291515,0.713118495555556,0.234439365969819,0.160648803353163
2019-07-01,oil,11.4458229711111,2.99913696766667,0.563733447484251,0.605894087909825
2019-07-01,coal,4.20433509434944,1.16962615284438,0.207073298538581,0.236291165996486
2019-07-01,gas,4.65345,0.781172895555556,0.229193253977169,0.157814746093689
2019-08-01,oil,10.4896426447222,2.75074468433333,0.527124701246522,0.571181604167482
2019-08-01,coal,4.30163983113778,1.19654712789058,0.216165668141185,0.248458430861669
2019-08-01,gas,5.108454,0.868592775555556,0.256709630612293,0.180359964970849
2019-09-01,oil,10.5070384977778,2.78211160233333,0.502291492659999,0.561476301741443
2019-09-01,coal,3.75156665232222,1.02526639699607,0.179344542613692,0.206915777354986
2019-09-01,gas,6.659604,1.14761581555556,0.318363964726309,0.231607920903571
2019-10-01,oil,10.7943178919736,2.865342185135,0.46759650000875,0.530034312390254
2019-10-01,coal,4.01756706989333,1.09696138546441,0.174036036295486,0.202917186184482
2019-10-01,gas,8.2728,1.44365245555556,0.358367463695764,0.267048501425264
2019-11-01,oil,9.369390546045,2.53680291316933,0.404481254515162,0.475670613742458
2019-11-01,coal,3.84653473663111,1.04785932271143,0.166056819615173,0.196481912158949
2019-11-01,gas,9.948042,1.74844609555556,0.429461925869665,0.327847474098593
2019-12-01,oil,8.91647546045472,2.41094051848567,0.377635646164218,0.457084167314369
2019-12-01,coal,3.36110688574111,0.860819585618916,0.14235151279821,0.163200626678116
2019-12-01,gas,11.333736,2.00284945555556,0.480012841037572,0.379715206007515
2020-01-01,oil,9.16837101358972,2.49528653942433,0.348972062946052,0.423974765280759
2020-01-01,coal,3.88116146719222,1.04022899187423,0.147727106791951,0.176745570378408
2020-01-01,gas,13.222974654,2.34994450963556,0.503300830261997,0.399279664340833
2020-02-01,oil,9.47571028158278,2.59036197912167,0.413476779188553,0.489348435837206
2020-02-01,coal,3.76722960265667,1.00297202038387,0.164384718008713,0.189472665719773
2020-02-01,gas,9.67421232,1.70015789587556,0.422138502802733,0.321178898443021
2020-03-01,oil,9.03312997493083,2.53023954373033,0.410615748558445,0.493929924606929
2020-03-01,coal,3.62730190994111,0.953728799138654,0.164884961594871,0.186178101208357
2020-03-01,gas,9.338553801,1.63870071943556,0.424499289846684,0.319891974184714
2020-04-01,oil,7.050079244745,2.11324457211733,0.439593239749306,0.546900465331695
2020-04-01,coal,2.86671298448222,0.70124592019405,0.178748011835365,0.181480045010514
2020-04-01,gas,6.12094131,1.04954822419556,0.381658748415329,0.271619489657791
2020-05-01,oil,7.76026467942694,2.287293836642,0.493378726118406,0.590520035967606
2020-05-01,coal,3.04951641323556,0.756584029122152,0.193880825640915,0.195330403524214
2020-05-01,gas,4.919037903,0.829477308195556,0.312740448240679,0.21414956050818
2020-06-01,oil,8.05881024840361,2.358328750174,0.534588501846822,0.626800107772978
2020-06-01,coal,2.92640538333444,0.719871731576998,0.194125760683239,0.191328574907926
2020-06-01,gas,4.089575952,0.684288900315556,0.271285737469938,0.181871317319096
2020-07-01,oil,9.15658359129028,2.608314116695,0.555392126965881,0.643875683817214
2020-07-01,coal,2.90749859177722,0.69683489238671,0.176354183952785,0.172017258186566
2020-07-01,gas,4.422618198,0.745810177995556,0.268253689081335,0.18410705799622
2020-08-01,oil,8.57770627039861,2.430103013658,0.541011756935854,0.62536343020806
2020-08-01,coal,2.98540355495111,0.734152884894968,0.188294909094805,0.188927121119843
2020-08-01,gas,4.29182523,0.721649314755555,0.270693333969341,0.185709448672097
2020-09-01,oil,9.02489075766694,2.55651721468833,0.529012991375993,0.613402441602446
2020-09-01,coal,3.012909980025,0.75469771612389,0.176608068072798,0.181079720129567
2020-09-01,gas,5.022065286,0.856550049075556,0.294378940551209,0.205517838267987
2020-10-01,oil,8.71679606381722,2.503193730566,0.43473777203469,0.525225394279157
2020-10-01,coal,3.30808704163167,0.851293784136796,0.164986123301133,0.178620259375428
2020-10-01,gas,8.025815556,1.41145441771556,0.400276104664178,0.296154346345415
2020-11-01,oil,7.6040290819025,2.242943210762,0.363403969063337,0.462185679945676
2020-11-01,coal,3.15788837662944,0.803772565562428,0.150918566665844,0.165627095663266
2020-11-01,gas,10.162535022,1.80618925315556,0.485677464270819,0.372187224391058
2020-12-01,oil,7.17553881292361,2.12052211100867,0.315452923440825,0.408328116494528
2020-12-01,coal,3.50327528999667,0.914472083949886,0.154011909162426,0.176090907841779
2020-12-01,gas,12.067967682,2.15818752667556,0.530535167396749,0.415580975663692
2021-01-01,oil,6.23281924444556,1.877761386205,0.273226492800538,0.364145164417864
2021-01-01,coal,3.60537952221333,0.953350827179212,0.158048094038199,0.184878705176005
2021-01-01,gas,12.97371519,2.32551643279556,0.568725413161263,0.450976130406131
2021-02-01,oil,7.06350640887583,2.09154469231133,0.338725675804712,0.43309724882927
2021-02-01,coal,3.21381595376556,0.85518655722192,0.154116371931551,0.177083925832486
2021-02-01,gas,10.575854451,1.88254138603556,0.507157952263737,0.389818825338244
2021-03-01,oil,8.30945995806056,2.42139401505567,0.372753573900366,0.462835676934005
2021-03-01,coal,3.60340940066333,0.964037935617372,0.161645129659778,0.184270361513745
2021-03-01,gas,10.379230677,1.84621750015556,0.465601296439856,0.35289396155225
2021-04-01,oil,8.2073288478725,2.36995096479633,0.408205514922159,0.497920106397286
2021-04-01,coal,3.33541172299611,0.879034195662238,0.165892397526629,0.184682639739177
2021-04-01,gas,8.563133916,1.51071611359556,0.425902087551212,0.317397253863537
2021-05-01,oil,8.36926989282,2.405789406593,0.467895414010211,0.546359458075548
2021-05-01,coal,3.68641010294722,0.991457074431362,0.206093769638098,0.225161831873977
2021-05-01,gas,5.831372628,1.00606231327556,0.326010816351691,0.228478710050475
2021-06-01,oil,9.06865846314056,2.55974547781067,0.542435260624972,0.610376205153943
2021-06-01,coal,3.50497121251111,0.939486692603074,0.209647323346554,0.224022398787145
2021-06-01,gas,4.144786551,0.694485501075556,0.247917416028474,0.165601396058912
2021-07-01,oil,9.50745830506945,2.62301093237067,0.55257830320055,0.615093921847128
2021-07-01,coal,3.60540123204056,0.956520721356508,0.209547749906602,0.224303328120508
2021-07-01,gas,4.092771321,0.684875519235556,0.237873946892848,0.160602750032364
2021-08-01,oil,9.69324158399667,2.646796398269,0.559815223023069,0.619851115061121
2021-08-01,coal,3.543268862725,0.941004576788892,0.204634933672955,0.220373103341715
2021-08-01,gas,4.078562787,0.682250871195556,0.235549843303976,0.159775781597164
2021-09-01,oil,9.9408190756525,2.734746990779,0.554485206620489,0.626252936468749
2021-09-01,coal,3.18661412960556,0.816457000751854,0.177744950454007,0.186967421829274
2021-09-01,gas,4.800581748,0.815636994795555,0.267769842925504,0.186779641701977
2021-10-01,oil,9.88489803910167,2.73663139868167,0.461753316334314,0.539213843792004
2021-10-01,coal,3.54547155030944,0.93616401103225,0.165619639155441,0.184457649302575
2021-10-01,gas,7.97694399,1.40242925335556,0.372627044510245,0.276328506905421
2021-11-01,oil,8.68877856038417,2.43488396169433,0.372425218465794,0.462310859820577
2021-11-01,coal,3.47631779416778,0.922218195283616,0.149004650648183,0.175101357399829
2021-11-01,gas,11.165167359,1.90966566811556,0.478570130886024,0.362587782779594
2021-12-01,oil,8.25245706665917,2.32378906888433,0.344216694110533,0.425877891529163
2021-12-01,coal,3.57479631773611,0.935335562217518,0.149107660987538,0.171417768696488
2021-12-01,gas,12.147345198,2.19734332627556,0.506675644901929,0.402704339774349
2022-01-01,oil,7.54289281186167,2.13859706365167,0.325907099805233,0.406733701494076
2022-01-01,coal,3.65088568534444,0.962001119591666,0.157744461589052,0.182960260660254
2022-01-01,gas,11.950524945,2.15738033143556,0.516348438605715,0.41030603784567
2022-02-01,oil,8.03913370250056,2.280438345769,0.378165740664764,0.467018398035793
2022-02-01,coal,3.18508800256167,0.798207641407638,0.149828477563016,0.163467543282525
2022-02-01,gas,10.034006733,1.80432726475556,0.47200578177222,0.369514058681682
2022-03-01,oil,9.24678674532222,2.579681920553,0.398270618410094,0.476550922624083
2022-03-01,coal,3.62135883178778,0.97030616988613,0.155976433883976,0.179247021426561
2022-03-01,gas,10.349200413,1.86324646243556,0.445752947705931,0.344202055949356
2022-04-01,oil,8.10388671123417,2.233719864278,0.430030727256703,0.501914426648175
2022-04-01,coal,3.45013413557333,0.925089583215798,0.183080507455394,0.207866624272528
2022-04-01,gas,7.290880686,1.29159035311556,0.386888765287903,0.290218949079297
2022-05-01,oil,9.07768565098889,2.477986081154,0.521656530104579,0.583781523045711
2022-05-01,coal,3.49454403236833,0.93522776068029,0.200816792331242,0.22032758403159
2022-05-01,gas,4.829422797,0.831500975835556,0.277526677564179,0.195890892922699
2022-06-01,oil,8.2656661068475,2.28186644051767,0.537945954182599,0.602529410796807
2022-06-01,coal,3.23182826561167,0.853535198271294,0.210333797376415,0.225376933100461
2022-06-01,gas,3.86774082,0.651743684955556,0.251720248440986,0.172093656102731
2022-07-01,oil,8.48495636044389,2.34838186263367,0.546989275131924,0.603719092643361
2022-07-01,coal,3.42647684524333,0.939654138058482,0.220890480306244,0.241565118796754
2022-07-01,gas,3.600674154,0.601822529955556,0.232120244561833,0.154715788559885
2022-08-01,oil,8.60633805594889,2.38036240943333,0.568611468660646,0.628796658054648
2022-08-01,coal,3.24046818334944,0.861675892859936,0.214094236236607,0.227620348737388
2022-08-01,gas,3.288903345,0.543545445555556,0.217294295102747,0.143582993207964
2022-09-01,oil,9.67295585253416,2.65316402051167,0.54935897827849,0.620821120112363
2022-09-01,coal,3.05967998049722,0.78044489452545,0.173769289715588,0.182618439666547
2022-09-01,gas,4.875078312,0.840027941955556,0.276871732005921,0.19656044022109
2022-10-01,oil,8.03868838714472,2.19950103377133,0.466939545784216,0.534234795549056
2022-10-01,coal,3.396955475845,0.892191720003122,0.197317369519739,0.216703631327314
2022-10-01,gas,5.780050245,1.02541278127556,0.335743084696045,0.24906157312363
2022-11-01,oil,7.95923039196694,2.20548246361033,0.410076362924748,0.485663406196671
2022-11-01,coal,3.19888983479111,0.841472045535814,0.164813561644358,0.185298312998243
2022-11-01,gas,8.251021854,1.49422037755556,0.425110075430894,0.329038280805086
2022-12-01,oil,8.53571950300445,2.340000063182,0.390931964165373,0.464366186632794
2022-12-01,coal,3.34090529726444,0.881112610548016,0.153011901280305,0.174854227310516
2022-12-01,gas,9.95765913,1.81801405543556,0.456056134554323,0.36077958605669
2023-01-01,oil,7.01786325609917,1.937529309123,0.351023517646473,0.42974258991482
2023-01-01,coal,3.348934539235,0.873609343228006,0.167508932481461,0.193765916192783
2023-01-01,gas,9.625775076,1.69744242523556,0.481467549872066,0.376491493892397
2023-02-01,oil,7.51022510080194,2.08884258882667,0.394919546102486,0.476064995915317
2023-02-01,coal,2.82551385105556,0.715851881657066,0.148577523654517,0.163148733628833
2023-02-01,gas,8.681362569,1.58303116939556,0.456502930242997,0.36078627045585
2023-03-01,oil,8.54633735457778,2.307154036595,0.439841136383665,0.50493070625466
2023-03-01,coal,3.41670848791167,0.910366914391858,0.175842455272353,0.199237762951086
2023-03-01,gas,7.467463602,1.35172787467556,0.384316408343982,0.295831530794254
2023-04-01,oil,8.4323141545325,2.267119571201,0.469466606726168,0.526624390510684
2023-04-01,coal,3.24699606003222,0.848708473875108,0.18077554920522,0.197144688993603
2023-04-01,gas,6.282167841,1.18917493627556,0.349757844068612,0.276230920495713
2023-05-01,oil,8.90957390645222,2.36458222283533,0.528630422080081,0.585751184892394
2023-05-01,coal,3.33144794278444,0.869776435527538,0.197664304783036,0.215459869731592
2023-05-01,gas,4.613047713,0.802478626515556,0.273705273136882,0.198788945376015
2023-06-01,oil,9.14745559123972,2.42931074816567,0.584964222750059,0.635918208632302
2023-06-01,coal,3.21561661662222,0.841871533286476,0.205633211994601,0.220375856711747
2023-06-01,gas,3.274560378,0.548979989715556,0.209402565255341,0.143705934655951
2023-07-01,oil,9.14196252548056,2.403681359839,0.576277999309192,0.621716383689118
2023-07-01,coal,3.42880397657278,0.910043280520836,0.216140056375794,0.23538428463076
2023-07-01,gas,3.293039745,0.552477735675556,0.207581944315014,0.142899331680122
2023-08-01,oil,8.92850222533972,2.36430221744667,0.597524721362037,0.655671181614326
2023-08-01,coal,2.93166864622,0.729057946112958,0.196196903662839,0.202183240985764
2023-08-01,gas,3.082310847,0.512566532235555,0.206278374975124,0.14214557739991
2023-09-01,oil,8.63113951582056,2.29173519256467,0.565438152993237,0.628780106014976
2023-09-01,coal,2.84461983742444,0.706632270704822,0.186355067473184,0.193877685139595
2023-09-01,gas,3.788756262,0.646364885355556,0.24820677953358,0.177342208845429
2023-10-01,oil,8.97607668591778,2.389026292379,0.516838615665389,0.57908349397287
2023-10-01,coal,3.17981708481944,0.820703636869732,0.183092493267753,0.198932900433467
2023-10-01,gas,5.211377973,0.915800011155556,0.300068891066858,0.221983605593664
2023-11-01,oil,8.26586756792417,2.246128573063,0.426669640215698,0.495758616482585
2023-11-01,coal,3.32831409906556,0.882501201958992,0.171801757952646,0.194782961302517
2023-11-01,gas,7.77881043,1.40206015831556,0.401528601831656,0.309458422214898
2023-12-01,oil,8.17745196780333,2.21408901513167,0.388666752498572,0.45828329631327
2023-12-01,coal,3.40436943025333,0.897100873198222,0.161806540224462,0.185686457267548
2023-12-01,gas,9.457930305,1.72007721859556,0.449526707276966,0.356030246419183
2024-01-01,oil,7.28193919977778,1.98707154986,0.339397250274258,0.407491263591173
2024-01-01,coal,3.51792994356389,0.942370655598218,0.163963982223237,0.193253136379521
2024-01-01,gas,10.655635266,1.94691154099556,0.496638767502505,0.399255600029307
2024-02-01,oil,7.08973807448222,1.93651847593333,0.405532655419457,0.473945548354415
2024-02-01,coal,3.16647320986778,0.852011307795032,0.18112210572829,0.208522134694562
2024-02-01,gas,7.226321823,1.29742161439556,0.413345238852253,0.317532316951023
2024-03-01,oil,7.85649194188833,2.10944845273167,0.440878249019378,0.501306162888854
2024-03-01,coal,3.53705340603167,0.952507452531712,0.198486795871958,0.226361471660218
2024-03-01,gas,6.426548883,1.14594858283556,0.360634955108664,0.272332365450928
2024-04-01,oil,8.18140060482806,2.177178630793,0.493904534197786,0.549307551009616
2024-04-01,coal,3.37807906635833,0.909557551162876,0.203931899724897,0.229483618783086
2024-04-01,gas,5.005261161,0.876760454475556,0.302163566077318,0.221208830207298
2024-05-01,oil,8.25546111324778,2.181543942953,0.532269346192666,0.577629874883919
2024-05-01,coal,3.61301135552389,0.976706390887304,0.232948246695189,0.258612617998826
2024-05-01,gas,3.641459058,0.618465583755556,0.234782407112145,0.163757507117255
2024-06-01,oil,8.39300712371972,2.19825036040233,0.553586062529829,0.598147785365748
2024-06-01,coal,3.41844491360222,0.913636286488926,0.225473829796712,0.248602038801949
2024-06-01,gas,3.349708425,0.563209063875556,0.220940107673459,0.153250175832303
2024-07-01,oil,9.14554338938833,2.39294969667333,0.60205224605537,0.656782423757881
2024-07-01,coal,2.94776549919056,0.735089569560192,0.194051765332109,0.201756814966089
2024-07-01,gas,3.097305297,0.515404300635556,0.203895988612521,0.141460761276031
2024-08-01,oil,9.05683172582528,2.33550783597733,0.601619299735119,0.653159519204837
2024-08-01,coal,2.95748102708833,0.735690902784376,0.196456964020125,0.205746908207196
2024-08-01,gas,3.039778314,0.504509441715556,0.201923736244756,0.141093572587967
2024-09-01,oil,8.84492172701889,2.307205283791,0.571516105049407,0.635086366750148
2024-09-01,coal,2.68930036209278,0.650302962572802,0.173769595219386,0.179003814133355
2024-09-01,gas,3.942020223,0.675391788315556,0.254714299731207,0.185909819116497
2024-10-01,oil,9.29170158330833,2.444105113693,0.525022432903127,0.592202809087988
2024-10-01,coal,2.87323481698278,0.70636681491453,0.162350536162738,0.171151563693125
2024-10-01,gas,5.532786594,0.976670118315556,0.312627030934135,0.236645627218887
2024-11-01,oil,7.94484759348417,2.14533795369033,0.383478575208154,0.457776072757807
2024-11-01,coal,2.94547431532056,0.75102394041829,0.142170920267583,0.160254839756312
2024-11-01,gas,9.827517645,1.79007342079556,0.474350504524263,0.381969087485882
2024-12-01,oil,7.79676462220056,2.08521883339833,0.368570554435668,0.438790141249116
2024-12-01,coal,3.09007078345167,0.793630815671694,0.146074577993454,0.16700279708327
2024-12-01,gas,10.267227306,1.87335108967556,0.485354867570877,0.394207061667614
2025-01-01,oil,7.01188088554556,1.89236943938267,0.327572489618166,0.397496309277614
2025-01-01,coal,3.15193097962778,0.810424564870998,0.147248062959781,0.170231439369063
2025-01-01,gas,11.241773487,2.05792803319556,0.525179447422054,0.432272251353324
2025-02-01,oil,6.92917619437361,1.88327328832967,0.34698659415319,0.422032945075052
2025-02-01,coal,2.71542098722056,0.69482071472429,0.135977878699753,0.15570614968703
2025-02-01,gas,10.324981791,1.88429053423556,0.517035527147057,0.422260905237918
2025-03-01,oil,7.81592546979028,2.086414640487,0.406905877610245,0.476645356582269
2025-03-01,coal,3.24728977998111,0.845712041286882,0.169057561114826,0.193204509622792
2025-03-01,gas,8.144974899,1.44516266275556,0.42403656127493,0.33015013379494
2025-04-01,oil,8.24160350134306,2.16256506858433,0.488487963184581,0.546562579225595
2025-04-01,coal,3.09029110615,0.812447005090798,0.183164599928235,0.20533630966176
2025-04-01,gas,5.539766769,0.981653001435556,0.328347436887184,0.248101111112645
2025-05-01,oil,8.31307276589167,2.15835210805967,0.525551500665248,0.573314609339399
2025-05-01,coal,3.38266792529111,0.894128350591784,0.213851875768858,0.237503808625389
2025-05-01,gas,4.122067374,0.712210119435556,0.260596623565894,0.189181582035212
2025-06-01,oil,8.3967551144625,2.170682379526,0.57537478993063,0.62103712708062
2025-06-01,coal,3.02166374188778,0.792333115260456,0.207054882157412,0.2266882922317
2025-06-01,gas,3.175121322,0.532238307075556,0.217570327911958,0.15227458068768
2025-07-01,oil,8.70495161029389,2.24656602207867,0.566378227445024,0.611701867916111
2025-07-01,coal,3.23242474349333,0.850954808361658,0.210314207192633,0.231700577980519
2025-07-01,gas,3.432126195,0.575127791235556,0.223307565362343,0.15659755410337
2025-08-01,oil,8.10633718315945,2.07768176959667,0.553695185506644,0.593621014070094
2025-08-01,coal,3.35284213252889,0.896081157218324,0.229012500294433,0.2560221748205
2025-08-01,gas,3.181253535,0.526250920995556,0.217292314198923,0.150356811109406
2025-09-01,oil,8.30889925819722,2.162080681201,0.548363611568303,0.596501340275868
2025-09-01,coal,3.15072822684389,0.831941274439198,0.207939060981849,0.229526164101394
2025-09-01,gas,3.692543598,0.630581268555556,0.243697327449849,0.173972495622738
2025-10-01,oil,8.86597241937194,2.32195934452267,0.460793125639024,0.518216993008362
2025-10-01,coal,3.41213153628667,0.912603680146158,0.177339459376346,0.203675717255475
2025-10-01,gas,6.962574618,1.24610699551556,0.36186741498463,0.278107289736163
2025-11-01,oil,7.33140182426861,1.96600546538467,0.376213261184155,0.447387358390978
2025-11-01,coal,3.02142849518722,0.780239730603564,0.15504558266693,0.177552605082976
2025-11-01,gas,9.134525871,1.64816923819556,0.468741156148916,0.375060036526047
2025-12-01,oil,7.81227382137833,2.076500704301,0.368396586217885,0.43551213003087
2025-12-01,coal,3.17931709093944,0.821325012759328,0.149924284476709,0.172259515738934
2025-12-01,gas,10.214560593,1.87012576147556,0.481679129305406,0.392228354230196
2026-01-01,oil,7.17281200635389,1.917755188922,0.309111591767631,0.376070001207901
2026-01-01,coal,3.29098691235,0.871594642697856,0.141824740710033,0.170918895292591
2026-01-01,gas,12.740804847,2.31011352031556,0.549063667522337,0.453011103499507
2026-02-01,oil,7.0227711519325,1.89853924049267,0.364221252271004,0.436263235896062
2026-02-01,coal,2.79811376024222,0.722684060549374,0.145118283894487,0.166064772358332
2026-02-01,gas,9.460722375,1.73059707775556,0.490660463834509,0.397671991745606
2026-03-01,oil,8.57056997096056,2.277053340222,0.44872545718371,0.511774378890732
2026-03-01,coal,3.23322797090278,0.853949258545614,0.169280655118426,0.191927586269795
2026-03-01,gas,7.296009822,1.31832787603556,0.381993887697864,0.296298034839473
2026-04-01,oil,7.84598465527056,2.08884714281933,0.468679993627315,0.529699474297771
2026-04-01,coal,3.17395421794222,0.83631034308976,0.189596195761009,0.212075426680826
2026-04-01,gas,5.720661882,1.01829959527556,0.341723810611675,0.258225099021403
2026-05-01,oil,7.37080742247083,1.933195426042,0.50653621965298,0.558750992430015
2026-05-01,coal,3.21776925126611,0.843133927106394,0.221131360355845,0.243690788926933
2026-05-01,gas,3.962815974,0.683522087355556,0.272332419991175,0.197558218643051
2026-06-01,oil,8.0866458837025,2.11552418111933,0.559100825913373,0.602865075274231
2026-06-01,coal,3.22595922022056,0.864689187799052,0.223038882909804,0.246412173845005
2026-06-01,gas,3.151057815,0.528903791595556,0.217860291176823,0.150722750880764
2026-07-01,oil,8.73223315240639,2.26919896162033,0.577115236459931,0.618872514221586
2026-07-01,coal,3.27455079738,0.873698152308982,0.216415792472196,0.23828134127301
2026-07-01,gas,3.124047123,0.523769137155556,0.206468971067873,0.142846144505404
