year,product,date20,twh,mt.co2
avg14-18,coal,2020-01-01,4.675833614308,1.32216837824607
avg14-18,gas,2020-01-01,12.3078582,2.19352187155556
avg14-18,oil,2020-01-01,8.3142623665,2.41486252233334
avg14-18,coal,2020-02-01,4.43676723614411,1.26742025853686
avg14-18,gas,2020-02-01,10.3389318,1.83081193555556
avg14-18,oil,2020-02-01,8.39757938422222,2.4239039122
avg14-18,coal,2020-03-01,4.44893309047311,1.24611207291716
avg14-18,gas,2020-03-01,9.5199246,1.68198296755556
avg14-18,oil,2020-03-01,9.63503982111111,2.6840756196
avg14-18,coal,2020-04-01,3.77353490510111,1.01967227366047
avg14-18,gas,2020-04-01,6.2273502,1.07375677555556
avg14-18,oil,2020-04-01,9.43304946911111,2.59269136033333
avg14-18,coal,2020-05-01,3.77073491748944,1.01958775020472
avg14-18,gas,2020-05-01,4.9347252,0.837087591555556
avg14-18,oil,2020-05-01,9.62022961988889,2.6246656316
avg14-18,coal,2020-06-01,3.31621011364344,0.863128925638149
avg14-18,gas,2020-06-01,4.0288536,0.670054071555556
avg14-18,oil,2020-06-01,9.68339949344445,2.6300575962
avg14-18,coal,2020-07-01,3.47261767206667,0.909621828615685
avg14-18,gas,2020-07-01,4.198446,0.700478391555556
avg14-18,oil,2020-07-01,10.1701338573333,2.74998579726667
avg14-18,coal,2020-08-01,3.48573061491222,0.907991967314618
avg14-18,gas,2020-08-01,4.3163334,0.722395911555556
avg14-18,oil,2020-08-01,10.1267086905556,2.73291805353333
avg14-18,coal,2020-09-01,3.59516699861056,0.956632806557428
avg14-18,gas,2020-09-01,5.3090694,0.904871775555556
avg14-18,oil,2020-09-01,10.0256167217222,2.72333140613333
avg14-18,coal,2020-10-01,4.64704105321144,1.3145822097469
avg14-18,gas,2020-10-01,7.5344526,1.31689112755556
avg14-18,oil,2020-10-01,10.3266838586667,2.82937562133334
avg14-18,coal,2020-11-01,4.64149250206667,1.31980551739501
avg14-18,gas,2020-11-01,9.565425,1.68937887955556
avg14-18,oil,2020-11-01,9.05485975316667,2.51884224873333
avg14-18,coal,2020-12-01,4.70438068473245,1.3306497083933
avg14-18,gas,2020-12-01,11.3730318,2.02256521555556
avg14-18,oil,2020-12-01,8.85447272077778,2.48174821006667
2019,coal,2020-01-01,4.74027043791389,1.34731625856304
2019,gas,2020-01-01,13.54671,2.40962461555556
2019,oil,2020-01-01,9.35944332111111,2.55422099066667
2019,coal,2020-02-01,4.35788281222611,1.24414774030901
2019,gas,2020-02-01,10.372023,1.82901049555556
2019,oil,2020-02-01,8.75021590083333,2.39562922033333
2019,coal,2020-03-01,4.30731321205333,1.20095313654501
2019,gas,2020-03-01,8.500302,1.48548589555556
2019,oil,2020-03-01,9.62869618305555,2.58175577633333
2019,coal,2020-04-01,4.69097474785778,1.32944276128649
2019,gas,2020-04-01,6.866424,1.18849849555556
2019,oil,2020-04-01,9.87459156111111,2.62475027
2019,coal,2020-05-01,4.40489274297167,1.236970336758
2019,gas,2020-05-01,6.039144,1.03537609555556
2019,oil,2020-05-01,10.1961327694444,2.693368941
2019,coal,2020-06-01,3.81807944086389,1.03613585090646
2019,gas,2020-06-01,4.291515,0.713118495555556
2019,oil,2020-06-01,10.1958423711111,2.68973605166667
2019,coal,2020-07-01,4.20433509434944,1.16962615284438
2019,gas,2020-07-01,4.65345,0.781172895555556
2019,oil,2020-07-01,11.4458229711111,2.99913696766667
2019,coal,2020-08-01,4.30163983113778,1.19654712789058
2019,gas,2020-08-01,5.108454,0.868592775555556
2019,oil,2020-08-01,10.4896426447222,2.75074468433333
2019,coal,2020-09-01,3.75156665232222,1.02526639699607
2019,gas,2020-09-01,6.659604,1.14761581555556
2019,oil,2020-09-01,10.5070384977778,2.78211160233333
2019,coal,2020-10-01,4.01756706989333,1.09696138546441
2019,gas,2020-10-01,8.2728,1.44365245555556
2019,oil,2020-10-01,10.7943178919736,2.865342185135
2019,coal,2020-11-01,3.84653473663111,1.04785932271143
2019,gas,2020-11-01,9.948042,1.74844609555556
2019,oil,2020-11-01,9.369390546045,2.53680291316933
2019,coal,2020-12-01,3.36110688574111,0.860819585618916
2019,gas,2020-12-01,11.333736,2.00284945555556
2019,oil,2020-12-01,8.91647546045472,2.41094051848567
2020,coal,2020-01-01,3.88116146719222,1.04022899187423
2020,gas,2020-01-01,13.222974654,2.34994450963556
2020,oil,2020-01-01,9.16837101358972,2.49528653942433
2020,coal,2020-02-01,3.76722960265667,1.00297202038387
2020,gas,2020-02-01,9.67421232,1.70015789587556
2020,oil,2020-02-01,9.47571028158278,2.59036197912167
2020,coal,2020-03-01,3.62730190994111,0.953728799138654
2020,gas,2020-03-01,9.338553801,1.63870071943556
2020,oil,2020-03-01,9.03312997493083,2.53023954373033
2020,coal,2020-04-01,2.86671298448222,0.70124592019405
2020,gas,2020-04-01,6.12094131,1.04954822419556
2020,oil,2020-04-01,7.050079244745,2.11324457211733
2020,coal,2020-05-01,3.04951641323556,0.756584029122152
2020,gas,2020-05-01,4.919037903,0.829477308195556
2020,oil,2020-05-01,7.76026467942694,2.287293836642
2020,coal,2020-06-01,2.92640538333444,0.719871731576998
2020,gas,2020-06-01,4.089575952,0.684288900315556
2020,oil,2020-06-01,8.05881024840361,2.358328750174
2020,coal,2020-07-01,2.90749859177722,0.69683489238671
2020,gas,2020-07-01,4.422618198,0.745810177995556
2020,oil,2020-07-01,9.15658359129028,2.608314116695
2020,coal,2020-08-01,2.98540355495111,0.734152884894968
2020,gas,2020-08-01,4.29182523,0.721649314755555
2020,oil,2020-08-01,8.57770627039861,2.430103013658
2020,coal,2020-09-01,3.012909980025,0.75469771612389
2020,gas,2020-09-01,5.022065286,0.856550049075556
2020,oil,2020-09-01,9.02489075766694,2.55651721468833
2020,coal,2020-10-01,3.30808704163167,0.851293784136796
2020,gas,2020-10-01,8.025815556,1.41145441771556
2020,oil,2020-10-01,8.71679606381722,2.503193730566
2020,coal,2020-11-01,3.15788837662944,0.803772565562428
2020,gas,2020-11-01,10.162535022,1.80618925315556
2020,oil,2020-11-01,7.6040290819025,2.242943210762
2020,coal,2020-12-01,3.50327528999667,0.914472083949886
2020,gas,2020-12-01,12.067967682,2.15818752667556
2020,oil,2020-12-01,7.17553881292361,2.12052211100867
2021,coal,2020-01-01,3.60537952221333,0.953350827179212
2021,gas,2020-01-01,12.97371519,2.32551643279556
2021,oil,2020-01-01,6.23281924444556,1.877761386205
2021,coal,2020-02-01,3.21381595376556,0.85518655722192
2021,gas,2020-02-01,10.575854451,1.88254138603556
2021,oil,2020-02-01,7.06350640887583,2.09154469231133
2021,coal,2020-03-01,3.60340940066333,0.964037935617372
2021,gas,2020-03-01,10.379230677,1.84621750015556
2021,oil,2020-03-01,8.30945995806056,2.42139401505567
2021,coal,2020-04-01,3.33541172299611,0.879034195662238
2021,gas,2020-04-01,8.563133916,1.51071611359556
2021,oil,2020-04-01,8.2073288478725,2.36995096479633
2021,coal,2020-05-01,3.68641010294722,0.991457074431362
2021,gas,2020-05-01,5.831372628,1.00606231327556
2021,oil,2020-05-01,8.36926989282,2.405789406593
2021,coal,2020-06-01,3.50497121251111,0.939486692603074
2021,gas,2020-06-01,4.144786551,0.694485501075556
2021,oil,2020-06-01,9.06865846314056,2.55974547781067
2021,coal,2020-07-01,3.60540123204056,0.956520721356508
2021,gas,2020-07-01,4.092771321,0.684875519235556
2021,oil,2020-07-01,9.50745830506945,2.62301093237067
2021,coal,2020-08-01,3.543268862725,0.941004576788892
2021,gas,2020-08-01,4.078562787,0.682250871195556
2021,oil,2020-08-01,9.69324158399667,2.646796398269
2021,coal,2020-09-01,3.18661412960556,0.816457000751854
2021,gas,2020-09-01,4.800581748,0.815636994795555
2021,oil,2020-09-01,9.9408190756525,2.734746990779
2021,coal,2020-10-01,3.54547155030944,0.93616401103225
2021,gas,2020-10-01,7.97694399,1.40242925335556
2021,oil,2020-10-01,9.88489803910167,2.73663139868167
2021,coal,2020-11-01,3.47631779416778,0.922218195283616
2021,gas,2020-11-01,11.165167359,1.90966566811556
2021,oil,2020-11-01,8.68877856038417,2.43488396169433
2021,coal,2020-12-01,3.57479631773611,0.935335562217518
2021,gas,2020-12-01,12.147345198,2.19734332627556
2021,oil,2020-12-01,8.25245706665917,2.32378906888433
2022,coal,2020-01-01,3.65088568534444,0.962001119591666
2022,gas,2020-01-01,11.950524945,2.15738033143556
2022,oil,2020-01-01,7.54289281186167,2.13859706365167
2022,coal,2020-02-01,3.18508800256167,0.798207641407638
2022,gas,2020-02-01,10.034006733,1.80432726475556
2022,oil,2020-02-01,8.03913370250056,2.280438345769
2022,coal,2020-03-01,3.62135883178778,0.97030616988613
2022,gas,2020-03-01,10.349200413,1.86324646243556
2022,oil,2020-03-01,9.24678674532222,2.579681920553
2022,coal,2020-04-01,3.45013413557333,0.925089583215798
2022,gas,2020-04-01,7.290880686,1.29159035311556
2022,oil,2020-04-01,8.10388671123417,2.233719864278
2022,coal,2020-05-01,3.49454403236833,0.93522776068029
2022,gas,2020-05-01,4.829422797,0.831500975835556
2022,oil,2020-05-01,9.07768565098889,2.477986081154
2022,coal,2020-06-01,3.23182826561167,0.853535198271294
2022,gas,2020-06-01,3.86774082,0.651743684955556
2022,oil,2020-06-01,8.2656661068475,2.28186644051767
2022,coal,2020-07-01,3.42647684524333,0.939654138058482
2022,gas,2020-07-01,3.600674154,0.601822529955556
2022,oil,2020-07-01,8.48495636044389,2.34838186263367
2022,coal,2020-08-01,3.24046818334944,0.861675892859936
2022,gas,2020-08-01,3.288903345,0.543545445555556
2022,oil,2020-08-01,8.60633805594889,2.38036240943333
2022,coal,2020-09-01,3.05967998049722,0.78044489452545
2022,gas,2020-09-01,4.875078312,0.840027941955556
2022,oil,2020-09-01,9.67295585253416,2.65316402051167
2022,coal,2020-10-01,3.396955475845,0.892191720003122
2022,gas,2020-10-01,5.780050245,1.02541278127556
2022,oil,2020-10-01,8.03868838714472,2.19950103377133
2022,coal,2020-11-01,3.19888983479111,0.841472045535814
2022,gas,2020-11-01,8.251021854,1.49422037755556
2022,oil,2020-11-01,7.95923039196694,2.20548246361033
2022,coal,2020-12-01,3.34090529726444,0.881112610548016
2022,gas,2020-12-01,9.95765913,1.81801405543556
2022,oil,2020-12-01,8.53571950300445,2.340000063182
2023,coal,2020-01-01,3.348934539235,0.873609343228006
2023,gas,2020-01-01,9.625775076,1.69744242523556
2023,oil,2020-01-01,7.01786325609917,1.937529309123
2023,coal,2020-02-01,2.82551385105556,0.715851881657066
2023,gas,2020-02-01,8.681362569,1.58303116939556
2023,oil,2020-02-01,7.51022510080194,2.08884258882667
2023,coal,2020-03-01,3.41670848791167,0.910366914391858
2023,gas,2020-03-01,7.467463602,1.35172787467556
2023,oil,2020-03-01,8.54633735457778,2.307154036595
2023,coal,2020-04-01,3.24699606003222,0.848708473875108
2023,gas,2020-04-01,6.282167841,1.18917493627556
2023,oil,2020-04-01,8.4323141545325,2.267119571201
2023,coal,2020-05-01,3.33144794278444,0.869776435527538
2023,gas,2020-05-01,4.613047713,0.802478626515556
2023,oil,2020-05-01,8.90957390645222,2.36458222283533
2023,coal,2020-06-01,3.21561661662222,0.841871533286476
2023,gas,2020-06-01,3.274560378,0.548979989715556
2023,oil,2020-06-01,9.14745559123972,2.42931074816567
2023,coal,2020-07-01,3.42880397657278,0.910043280520836
2023,gas,2020-07-01,3.293039745,0.552477735675556
2023,oil,2020-07-01,9.14196252548056,2.403681359839
2023,coal,2020-08-01,2.93166864622,0.729057946112958
2023,gas,2020-08-01,3.082310847,0.512566532235555
2023,oil,2020-08-01,8.92850222533972,2.36430221744667
2023,coal,2020-09-01,2.84461983742444,0.706632270704822
2023,gas,2020-09-01,3.788756262,0.646364885355556
2023,oil,2020-09-01,8.63113951582056,2.29173519256467
2023,coal,2020-10-01,3.17981708481944,0.820703636869732
2023,gas,2020-10-01,5.211377973,0.915800011155556
2023,oil,2020-10-01,8.97607668591778,2.389026292379
2023,coal,2020-11-01,3.32831409906556,0.882501201958992
2023,gas,2020-11-01,7.77881043,1.40206015831556
2023,oil,2020-11-01,8.26586756792417,2.246128573063
2023,coal,2020-12-01,3.40436943025333,0.897100873198222
2023,gas,2020-12-01,9.457930305,1.72007721859556
2023,oil,2020-12-01,8.17745196780333,2.21408901513167
2024,coal,2020-01-01,3.51792994356389,0.942370655598218
2024,gas,2020-01-01,10.655635266,1.94691154099556
2024,oil,2020-01-01,7.28193919977778,1.98707154986
2024,coal,2020-02-01,3.16647320986778,0.852011307795032
2024,gas,2020-02-01,7.226321823,1.29742161439556
2024,oil,2020-02-01,7.08973807448222,1.93651847593333
2024,coal,2020-03-01,3.53705340603167,0.952507452531712
2024,gas,2020-03-01,6.426548883,1.14594858283556
2024,oil,2020-03-01,7.85649194188833,2.10944845273167
2024,coal,2020-04-01,3.37807906635833,0.909557551162876
2024,gas,2020-04-01,5.005261161,0.876760454475556
2024,oil,2020-04-01,8.18140060482806,2.177178630793
2024,coal,2020-05-01,3.61301135552389,0.976706390887304
2024,gas,2020-05-01,3.641459058,0.618465583755556
2024,oil,2020-05-01,8.25546111324778,2.181543942953
2024,coal,2020-06-01,3.41844491360222,0.913636286488926
2024,gas,2020-06-01,3.349708425,0.563209063875556
2024,oil,2020-06-01,8.39300712371972,2.19825036040233
2024,coal,2020-07-01,2.94776549919056,0.735089569560192
2024,gas,2020-07-01,3.097305297,0.515404300635556
2024,oil,2020-07-01,9.14554338938833,2.39294969667333
2024,coal,2020-08-01,2.95748102708833,0.735690902784376
2024,gas,2020-08-01,3.039778314,0.504509441715556
2024,oil,2020-08-01,9.05683172582528,2.33550783597733
2024,coal,2020-09-01,2.68930036209278,0.650302962572802
2024,gas,2020-09-01,3.942020223,0.675391788315556
2024,oil,2020-09-01,8.84492172701889,2.307205283791
2024,coal,2020-10-01,2.87323481698278,0.70636681491453
2024,gas,2020-10-01,5.532786594,0.976670118315556
2024,oil,2020-10-01,9.29170158330833,2.444105113693
2024,coal,2020-11-01,2.94547431532056,0.75102394041829
2024,gas,2020-11-01,9.827517645,1.79007342079556
2024,oil,2020-11-01,7.94484759348417,2.14533795369033
2024,coal,2020-12-01,3.09007078345167,0.793630815671694
2024,gas,2020-12-01,10.267227306,1.87335108967556
2024,oil,2020-12-01,7.79676462220056,2.08521883339833
2025,coal,2020-01-01,3.15193097962778,0.810424564870998
2025,gas,2020-01-01,11.241773487,2.05792803319556
2025,oil,2020-01-01,7.01188088554556,1.89236943938267
2025,coal,2020-02-01,2.71542098722056,0.69482071472429
2025,gas,2020-02-01,10.324981791,1.88429053423556
2025,oil,2020-02-01,6.92917619437361,1.88327328832967
2025,coal,2020-03-01,3.24728977998111,0.845712041286882
2025,gas,2020-03-01,8.144974899,1.44516266275556
2025,oil,2020-03-01,7.81592546979028,2.086414640487
2025,coal,2020-04-01,3.09029110615,0.812447005090798
2025,gas,2020-04-01,5.539766769,0.981653001435556
2025,oil,2020-04-01,8.24160350134306,2.16256506858433
2025,coal,2020-05-01,3.38266792529111,0.894128350591784
2025,gas,2020-05-01,4.122067374,0.712210119435556
2025,oil,2020-05-01,8.31307276589167,2.15835210805967
2025,coal,2020-06-01,3.02166374188778,0.792333115260456
2025,gas,2020-06-01,3.175121322,0.532238307075556
2025,oil,2020-06-01,8.3967551144625,2.170682379526
2025,coal,2020-07-01,3.23242474349333,0.850954808361658
2025,gas,2020-07-01,3.432126195,0.575127791235556
2025,oil,2020-07-01,8.70495161029389,2.24656602207867
2025,coal,2020-08-01,3.35284213252889,0.896081157218324
2025,gas,2020-08-01,3.181253535,0.526250920995556
2025,oil,2020-08-01,8.10633718315945,2.07768176959667
2025,coal,2020-09-01,3.15072822684389,0.831941274439198
2025,gas,2020-09-01,3.692543598,0.630581268555556
2025,oil,2020-09-01,8.30889925819722,2.162080681201
2025,coal,2020-10-01,3.41213153628667,0.912603680146158
2025,gas,2020-10-01,6.962574618,1.24610699551556
2025,oil,2020-10-01,8.86597241937194,2.32195934452267
2025,coal,2020-11-01,3.02142849518722,0.780239730603564
2025,gas,2020-11-01,9.134525871,1.64816923819556
2025,oil,2020-11-01,7.33140182426861,1.96600546538467
2025,coal,2020-12-01,3.17931709093944,0.821325012759328
2025,gas,2020-12-01,10.214560593,1.87012576147556
2025,oil,2020-12-01,7.81227382137833,2.076500704301
2026,coal,2020-01-01,3.29098691235,0.871594642697856
2026,gas,2020-01-01,12.740804847,2.31011352031556
2026,oil,2020-01-01,7.17281200635389,1.917755188922
2026,coal,2020-02-01,2.79811376024222,0.722684060549374
2026,gas,2020-02-01,9.460722375,1.73059707775556
2026,oil,2020-02-01,7.0227711519325,1.89853924049267
2026,coal,2020-03-01,3.23322797090278,0.853949258545614
2026,gas,2020-03-01,7.296009822,1.31832787603556
2026,oil,2020-03-01,8.57056997096056,2.277053340222
2026,coal,2020-04-01,3.17395421794222,0.83631034308976
2026,gas,2020-04-01,5.720661882,1.01829959527556
2026,oil,2020-04-01,7.84598465527056,2.08884714281933
2026,coal,2020-05-01,3.21776925126611,0.843133927106394
2026,gas,2020-05-01,3.962815974,0.683522087355556
2026,oil,2020-05-01,7.37080742247083,1.933195426042
2026,coal,2020-06-01,3.22595922022056,0.864689187799052
2026,gas,2020-06-01,3.151057815,0.528903791595556
2026,oil,2020-06-01,8.0866458837025,2.11552418111933
2026,coal,2020-07-01,3.27455079738,0.873698152308982
2026,gas,2020-07-01,3.124047123,0.523769137155556
2026,oil,2020-07-01,8.73223315240639,2.26919896162033
2026,gas,2020-08-01,3.072486897,0.513951889635556
2026,oil,2020-08-01,8.10557964823194,2.10542969636
avg14-18,total,2020-01-01,25.297954180808,5.93055277213497
avg14-18,total,2020-02-01,23.1732784203663,5.52213610629242
avg14-18,total,2020-03-01,23.6038975115842,5.61217066007272
avg14-18,total,2020-04-01,19.4339345742122,4.68612040954936
avg14-18,total,2020-05-01,18.3256897373783,4.48134097336027
avg14-18,total,2020-06-01,17.0284632070879,4.1632405933937
avg14-18,total,2020-07-01,17.8411975294,4.36008601743791
avg14-18,total,2020-08-01,17.9287727054678,4.36330593240351
avg14-18,total,2020-09-01,18.9298531203328,4.58483598824632
avg14-18,total,2020-10-01,22.5081775118781,5.4608489586358
avg14-18,total,2020-11-01,23.2617772552333,5.5280266456839
avg14-18,total,2020-12-01,24.9318852055102,5.83496313401553
2019,total,2020-01-01,27.646423759025,6.31116186478527
2019,total,2020-02-01,23.4801217130594,5.4687874561979
2019,total,2020-03-01,22.4363113951089,5.2681948084339
2019,total,2020-04-01,21.4319903089689,5.14269152684205
2019,total,2020-05-01,20.6401695124161,4.96571537331356
2019,total,2020-06-01,18.305436811975,4.43899039812869
2019,total,2020-07-01,20.3036080654606,4.94993601606661
2019,total,2020-08-01,19.89973647586,4.81588458777947
2019,total,2020-09-01,20.9182091501,4.95499381488496
2019,total,2020-10-01,23.084684961867,5.40595602615497
2019,total,2020-11-01,23.1639672826761,5.33310833143632
2019,total,2020-12-01,23.6113183461958,5.27460955966015
2020,total,2020-01-01,26.272507134782,5.88546004093412
2020,total,2020-02-01,22.9171522042395,5.2934918953811
2020,total,2020-03-01,21.9989856858719,5.12266906230454
2020,total,2020-04-01,16.0377335392272,3.86403871650694
2020,total,2020-05-01,15.7288189956625,3.87335517395971
2020,total,2020-06-01,15.0747915837381,3.76248938206655
2020,total,2020-07-01,16.4867003810675,4.05095918707727
2020,total,2020-08-01,15.8549350553497,3.88590521330852
2020,total,2020-09-01,17.0598660236919,4.16776497988778
2020,total,2020-10-01,20.0506986614489,4.76594193241836
2020,total,2020-11-01,20.924452480532,4.85290502947999
2020,total,2020-12-01,22.7467817849203,5.19318172163412
2021,total,2020-01-01,22.8119139566589,5.15662864617977
2021,total,2020-02-01,20.8531768136414,4.82927263556881
2021,total,2020-03-01,22.2921000357239,5.2316494508286
2021,total,2020-04-01,20.1058744868686,4.75970127405413
2021,total,2020-05-01,17.8870526237672,4.40330879429992
2021,total,2020-06-01,16.7184162266517,4.1937176714893
2021,total,2020-07-01,17.20563085811,4.26440717296274
2021,total,2020-08-01,17.3150732337217,4.27005184625345
2021,total,2020-09-01,17.9280149532581,4.36684098632641
2021,total,2020-10-01,21.4073135794111,5.07522466306948
2021,total,2020-11-01,23.330263713552,5.26676782509351
2021,total,2020-12-01,23.9745985823953,5.45646795737741
2022,total,2020-01-01,23.1443034422061,5.2579785146789
2022,total,2020-02-01,21.2582284380622,4.8829732519322
2022,total,2020-03-01,23.21734599011,5.41323455287469
2022,total,2020-04-01,18.8449015328075,4.45039980060936
2022,total,2020-05-01,17.4016524803572,4.24471481766985
2022,total,2020-06-01,15.3652351924592,3.78714532374452
2022,total,2020-07-01,15.5121073596872,3.88985853064771
2022,total,2020-08-01,15.1357095842983,3.78558374784882
2022,total,2020-09-01,17.6077141450314,4.27363685699268
2022,total,2020-10-01,17.2156941079897,4.11710553505001
2022,total,2020-11-01,19.4091420807581,4.5411748867017
2022,total,2020-12-01,21.8342839302689,5.03912672916558
2023,total,2020-01-01,19.9925728713342,4.50858107758657
2023,total,2020-02-01,19.0171015208575,4.3877256398793
2023,total,2020-03-01,19.4305094444894,4.56924882566242
2023,total,2020-04-01,17.9614780555647,4.30500298135167
2023,total,2020-05-01,16.8540695622367,4.03683728487842
2023,total,2020-06-01,15.6376325858619,3.8201622711677
2023,total,2020-07-01,15.8638062470533,3.86620237603539
2023,total,2020-08-01,14.9424817185597,3.60592669579518
2023,total,2020-09-01,15.264515615245,3.64473234862505
2023,total,2020-10-01,17.3672717437372,4.12552994040429
2023,total,2020-11-01,19.3729920969897,4.53068993333755
2023,total,2020-12-01,21.0397517030567,4.83126710692545
2024,total,2020-01-01,21.4555044093417,4.87635374645378
2024,total,2020-02-01,17.48253310735,4.08595139812392
2024,total,2020-03-01,17.82009423092,4.20790448809894
2024,total,2020-04-01,16.5647408321864,3.96349663643143
2024,total,2020-05-01,15.5099315267717,3.77671591759586
2024,total,2020-06-01,15.1611604623219,3.67509571076681
2024,total,2020-07-01,15.1906141855789,3.64344356686908
2024,total,2020-08-01,15.0540910669136,3.57570818047726
2024,total,2020-09-01,15.4762423121117,3.63290003467936
2024,total,2020-10-01,17.6977229942911,4.12714204692309
2024,total,2020-11-01,20.7178395538047,4.68643531490418
2024,total,2020-12-01,21.1540627116522,4.75220073874558
2025,total,2020-01-01,21.4055853521733,4.76072203744923
2025,total,2020-02-01,19.9695789725942,4.46238453728952
2025,total,2020-03-01,19.2081901487714,4.37728934452944
2025,total,2020-04-01,16.8716613764931,3.95666507511068
2025,total,2020-05-01,15.8178080651828,3.76469057808701
2025,total,2020-06-01,14.5935401783503,3.49525380186201
2025,total,2020-07-01,15.3695025487872,3.67264862167588
2025,total,2020-08-01,14.6404328506883,3.50001384781055
2025,total,2020-09-01,15.1521710830411,3.62460322419575
2025,total,2020-10-01,19.2406785736586,4.48067002018439
2025,total,2020-11-01,19.4873561904558,4.39441443418379
2025,total,2020-12-01,21.2061515053178,4.76795147853589
2026,total,2020-01-01,23.2046037657039,5.09946335193542
2026,total,2020-02-01,19.2816072871747,4.3518203787976
2026,total,2020-03-01,19.0998077638633,4.44933047480317
2026,total,2020-04-01,16.7406007552128,3.94345708118465
2026,total,2020-05-01,14.5513926477369,3.45985144050395
2026,total,2020-06-01,14.4636629189231,3.50911716051394
2026,total,2020-07-01,15.1308310727864,3.66666625108487
