country,date,variable,value
AT,2026-09-28,euroSuper95,1.956
AT,2026-09-28,gasOil,2.259
AT,2026-09-28,heatingOil,1.85947
BE,2026-09-28,euroSuper95,2.03192
BE,2026-09-28,gasOil,2.43046
BE,2026-09-28,heatingOil,1.5629
BG,2026-09-28,euroSuper95,1.6748
BG,2026-09-28,gasOil,1.9277
CY,2026-09-28,euroSuper95,1.73296
CY,2026-09-28,gasOil,2.02288
CY,2026-09-28,heatingOil,1.63378
CZ,2026-09-28,euroSuper95,1.87998524408739
CZ,2026-09-28,gasOil,2.07603393859901
CZ,2026-09-28,heatingOil,1.52613026191745
DE,2026-09-28,euroSuper95,2.345
DE,2026-09-28,gasOil,2.437
DE,2026-09-28,heatingOil,1.6974
DK,2026-09-28,euroSuper95,2.65812285958904
DK,2026-09-28,gasOil,2.54173801369863
DK,2026-09-28,heatingOil,2.50280928938356
EE,2026-09-28,euroSuper95,1.928
EE,2026-09-28,gasOil,2.239
EE,2026-09-28,heatingOil,1.652
ES,2026-09-28,euroSuper95,1.939726004
ES,2026-09-28,gasOil,1.934426659
ES,2026-09-28,heatingOil,1.525547
FI,2026-09-28,euroSuper95,2.331125
FI,2026-09-28,gasOil,2.52295652173913
FI,2026-09-28,heatingOil,2.10307986111111
FR,2026-09-28,euroSuper95,2.21278
FR,2026-09-28,gasOil,2.37063
FR,2026-09-28,heatingOil,1.93728
GR,2026-09-28,euroSuper95,2.205
GR,2026-09-28,gasOil,2.216
HR,2026-09-28,euroSuper95,1.80817
HR,2026-09-28,gasOil,2.03638
HR,2026-09-28,heatingOil,1.72
HU,2026-09-28,euroSuper95,1.72928808574595
HU,2026-09-28,gasOil,1.93225940975687
HU,2026-09-28,heatingOil,1.93225940975687
IE,2026-09-28,euroSuper95,1.9719
IE,2026-09-28,gasOil,2.1229
IE,2026-09-28,heatingOil,1.5687
IT,2026-09-28,euroSuper95,2.15617
IT,2026-09-28,gasOil,2.35066
IT,2026-09-28,heatingOil,2.0745
LT,2026-09-28,euroSuper95,1.95368
LT,2026-09-28,gasOil,2.25293
LT,2026-09-28,heatingOil,1.62844
LU,2026-09-28,euroSuper95,1.888
LU,2026-09-28,gasOil,2.095
LU,2026-09-28,heatingOil,1.575
LV,2026-09-28,euroSuper95,2.0378
LV,2026-09-28,gasOil,2.1325
LV,2026-09-28,heatingOil,1.81669
MT,2026-09-28,euroSuper95,1.34
MT,2026-09-28,gasOil,1.21
MT,2026-09-28,heatingOil,1
NL,2026-09-28,euroSuper95,2.46455
NL,2026-09-28,gasOil,2.52602
PL,2026-09-28,euroSuper95,1.85272777416103
PL,2026-09-28,gasOil,2.06033707514113
PL,2026-09-28,heatingOil,1.71253262454422
PT,2026-09-28,euroSuper95,2.099
PT,2026-09-28,gasOil,2.186
PT,2026-09-28,heatingOil,2.228
RO,2026-09-28,euroSuper95,1.89728331912475
RO,2026-09-28,gasOil,2.10426636355025
RO,2026-09-28,heatingOil,1.63589087809037
SE,2026-09-28,euroSuper95,1.59480588313237
SE,2026-09-28,gasOil,2.1352413762643
SE,2026-09-28,heatingOil,1.93410185062497
SI,2026-09-28,euroSuper95,1.74452
SI,2026-09-28,gasOil,2.01104
SI,2026-09-28,heatingOil,1.66475184716292
SK,2026-09-28,euroSuper95,1.853
SK,2026-09-28,gasOil,1.978
