date,type,value,value.share,year,date20
2019-01-01,bev,507,0.0200736429504692,2019,2020-01-01
2019-02-01,bev,691,0.0292301184433164,2019,2020-02-01
2019-03-01,bev,1344,0.0420551974466487,2019,2020-03-01
2019-04-01,bev,724,0.022659697662045,2019,2020-04-01
2019-05-01,bev,699,0.0228625629619939,2019,2020-05-01
2019-06-01,bev,939,0.0288665498478281,2019,2020-06-01
2019-07-01,bev,711,0.02262313860252,2019,2020-07-01
2019-08-01,bev,799,0.0267331370449679,2019,2020-08-01
2019-09-01,bev,969,0.0460398156506866,2019,2020-09-01
2019-10-01,bev,515,0.0204869122444109,2019,2020-10-01
2019-11-01,bev,653,0.028060676378325,2019,2020-11-01
2019-12-01,bev,691,0.0304646856538224,2019,2020-12-01
2020-01-01,bev,695,0.0302713532819374,2020,2020-01-01
2020-02-01,bev,981,0.0465657188968529,2020,2020-02-01
2020-03-01,bev,752,0.0705838182842125,2020,2020-03-01
2020-04-01,bev,557,0.0496434937611408,2020,2020-04-01
2020-05-01,bev,735,0.0363663351640196,2020,2020-05-01
2020-06-01,bev,1085,0.0406732643574749,2020,2020-06-01
2020-07-01,bev,1064,0.0429309231762427,2020,2020-07-01
2020-08-01,bev,1127,0.0539079690041137,2020,2020-08-01
2020-09-01,bev,1946,0.0878079595704359,2020,2020-09-01
2020-10-01,bev,1578,0.0650078273049353,2020,2020-10-01
2020-11-01,bev,2061,0.102767389678384,2020,2020-11-01
2020-12-01,bev,3391,0.142646811374727,2020,2020-12-01
2021-01-01,bev,1377,0.0974315431967735,2021,2020-01-01
2021-02-01,bev,1831,0.0921814428837537,2021,2020-02-01
2021-03-01,bev,3412,0.115559168190747,2021,2020-03-01
2021-04-01,bev,2404,0.107822030857553,2021,2020-04-01
2021-05-01,bev,2709,0.120383948806826,2021,2020-05-01
2021-06-01,bev,3614,0.138600191754554,2021,2020-06-01
2021-07-01,bev,1990,0.0999899507587177,2021,2020-07-01
2021-08-01,bev,3200,0.180597099159095,2021,2020-08-01
2021-09-01,bev,3597,0.201354679802956,2021,2020-09-01
2021-10-01,bev,2323,0.157438156557099,2021,2020-10-01
2021-11-01,bev,3498,0.19966893087505,2021,2020-11-01
2021-12-01,bev,3411,0.193279691749773,2021,2020-12-01
2022-01-01,bev,2013,0.128881490492349,2022,2020-01-01
2022-02-01,bev,2114,0.131279885735577,2022,2020-02-01
2022-03-01,bev,3039,0.147145693119644,2022,2020-03-01
2022-04-01,bev,1849,0.112991933512589,2022,2020-04-01
2022-05-01,bev,2064,0.12065236452914,2022,2020-05-01
2022-06-01,bev,3414,0.15,2022,2020-06-01
2022-07-01,bev,2418,0.150616668742992,2022,2020-07-01
2022-08-01,bev,2639,0.14814191085663,2022,2020-08-01
2022-09-01,bev,4554,0.219628647214854,2022,2020-09-01
2022-10-01,bev,2660,0.165618579166926,2022,2020-10-01
2022-11-01,bev,3430,0.188689624821212,2022,2020-11-01
2022-12-01,bev,3971,0.225599363708669,2022,2020-12-01
2023-01-01,bev,2745,0.145623342175066,2023,2020-01-01
2023-02-01,bev,3415,0.190835428890752,2023,2020-02-01
2023-03-01,bev,5075,0.192914433420763,2023,2020-03-01
2023-04-01,bev,3395,0.183473843493299,2023,2020-04-01
2023-05-01,bev,4130,0.20026184357271,2023,2020-05-01
2023-06-01,bev,4612,0.188160417771613,2023,2020-06-01
2023-07-01,bev,3321,0.18905840828874,2023,2020-07-01
2023-08-01,bev,3945,0.209952102182012,2023,2020-08-01
2023-09-01,bev,4256,0.214516129032258,2023,2020-09-01
2023-10-01,bev,4378,0.232045370223141,2023,2020-10-01
2023-11-01,bev,4330,0.229100529100529,2023,2020-11-01
2023-12-01,bev,4019,0.217278477590961,2023,2020-12-01
2024-01-01,bev,2823,0.160836371923428,2024,2020-01-01
2024-02-01,bev,3322,0.166016991504248,2024,2020-02-01
2024-03-01,bev,4657,0.181199175129372,2024,2020-03-01
2024-04-01,bev,3232,0.151473965412195,2024,2020-04-01
2024-05-01,bev,3448,0.173965691220989,2024,2020-05-01
2024-06-01,bev,4696,0.152999055159157,2024,2020-06-01
2024-07-01,bev,2933,0.15517697476324,2024,2020-07-01
2024-08-01,bev,3100,0.181127665790242,2024,2020-08-01
2024-09-01,bev,4421,0.222227807379109,2024,2020-09-01
2024-10-01,bev,3990,0.18152040398526,2024,2020-10-01
2024-11-01,bev,3737,0.195695433598659,2024,2020-11-01
2024-12-01,bev,4263,0.196551247175988,2024,2020-12-01
2025-01-01,bev,3822,0.186913145539906,2025,2020-01-01
2025-02-01,bev,4233,0.215760232427749,2025,2020-02-01
2025-03-01,bev,6122,0.235915221579961,2025,2020-03-01
2025-04-01,bev,5690,0.228927781130557,2025,2020-04-01
2025-05-01,bev,5428,0.223273415326395,2025,2020-05-01
2025-06-01,bev,6239,0.223876847997703,2025,2020-06-01
2025-07-01,bev,4920,0.197852575702739,2025,2020-07-01
2025-08-01,bev,4314,0.20110013052396,2025,2020-08-01
2025-09-01,bev,5383,0.209089143523014,2025,2020-09-01
2025-10-01,bev,5165,0.210997181257404,2025,2020-10-01
2025-11-01,bev,4714,0.204885257301808,2025,2020-11-01
2025-12-01,bev,4621,0.206515909903468,2025,2020-12-01
2026-01-01,bev,4702,0.205067818047015,2026,2020-01-01
2026-02-01,bev,4439,0.208521232619316,2026,2020-02-01
2026-03-01,bev,8206,0.248531104246169,2026,2020-03-01
2026-04-01,bev,7122,0.258897088225672,2026,2020-04-01
2026-05-01,bev,6598,0.258451173175604,2026,2020-05-01
2026-06-01,bev,8993,0.262523353573097,2026,2020-06-01
2026-07-01,bev,7073,0.273903109630949,2026,2020-07-01
2026-08-01,bev,6316,0.289884340003672,2026,2020-08-01
2019-01-01,phev,181,0.00716633012630162,2019,2020-01-01
2019-02-01,phev,157,0.00664128595600677,2019,2020-02-01
2019-03-01,phev,145,0.00453720508166969,2019,2020-03-01
2019-04-01,phev,176,0.00550843479077337,2019,2020-04-01
2019-05-01,phev,140,0.00457905409825342,2019,2020-05-01
2019-06-01,phev,99,0.00304343816287005,2019,2020-06-01
2019-07-01,phev,101,0.00321369479445081,2019,2020-07-01
2019-08-01,phev,103,0.00344619914346895,2019,2020-08-01
2019-09-01,phev,162,0.00769705896327268,2019,2020-09-01
2019-10-01,phev,343,0.0136446813588989,2019,2020-10-01
2019-11-01,phev,297,0.0127626659791156,2019,2020-11-01
2019-12-01,phev,252,0.0111101313817124,2019,2020-12-01
2020-01-01,phev,557,0.0242606385295527,2020,2020-01-01
2020-02-01,phev,353,0.0167560639863293,2020,2020-02-01
2020-03-01,phev,279,0.0261873474751267,2020,2020-03-01
2020-04-01,phev,214,0.0190730837789661,2020,2020-04-01
2020-05-01,phev,498,0.0246400474988868,2020,2020-05-01
2020-06-01,phev,674,0.0252661568451042,2020,2020-06-01
2020-07-01,phev,734,0.0296158812136863,2020,2020-07-01
2020-08-01,phev,635,0.0303740552951306,2020,2020-08-01
2020-09-01,phev,485,0.0218843064705352,2020,2020-09-01
2020-10-01,phev,1050,0.0432561588530939,2020,2020-10-01
2020-11-01,phev,1024,0.0510595861381202,2020,2020-11-01
2020-12-01,phev,1138,0.0478714453979472,2020,2020-12-01
2021-01-01,phev,942,0.0666525153895139,2021,2020-01-01
2021-02-01,phev,1096,0.0551779690882546,2021,2020-02-01
2021-03-01,phev,1685,0.0570683465420308,2021,2020-03-01
2021-04-01,phev,1311,0.058799784714747,2021,2020-04-01
2021-05-01,phev,1507,0.0669688485979647,2021,2020-05-01
2021-06-01,phev,1399,0.0536529242569511,2021,2020-06-01
2021-07-01,phev,1176,0.0590895387398251,2021,2020-07-01
2021-08-01,phev,1126,0.0635476042666065,2021,2020-08-01
2021-09-01,phev,1098,0.0614643976712942,2021,2020-09-01
2021-10-01,phev,1144,0.0775330396475771,2021,2020-10-01
2021-11-01,phev,1141,0.0651292882013814,2021,2020-11-01
2021-12-01,phev,1001,0.0567203082502267,2021,2020-12-01
2022-01-01,phev,1104,0.0706831423266534,2022,2020-01-01
2022-02-01,phev,927,0.0575669129975781,2022,2020-02-01
2022-03-01,phev,1175,0.0568924611436595,2022,2020-03-01
2022-04-01,phev,1091,0.0666707406502078,2022,2020-04-01
2022-05-01,phev,1053,0.0615537499269305,2022,2020-05-01
2022-06-01,phev,1192,0.0523725834797891,2022,2020-06-01
2022-07-01,phev,830,0.0517005107761306,2022,2020-07-01
2022-08-01,phev,853,0.0478836869877624,2022,2020-08-01
2022-09-01,phev,1214,0.0585483482035206,2022,2020-09-01
2022-10-01,phev,1062,0.0661229064192765,2022,2020-10-01
2022-11-01,phev,1537,0.0845527560787765,2022,2020-11-01
2022-12-01,phev,1230,0.0698784229064879,2022,2020-12-01
2023-01-01,phev,1218,0.0646153846153846,2023,2020-01-01
2023-02-01,phev,1276,0.0713048337524448,2023,2020-02-01
2023-03-01,phev,1898,0.0721480974645532,2023,2020-03-01
2023-04-01,phev,1345,0.0726869865974924,2023,2020-04-01
2023-05-01,phev,1276,0.0618726664403821,2023,2020-05-01
2023-06-01,phev,1799,0.0733956182938273,2023,2020-06-01
2023-07-01,phev,1300,0.0740066036661733,2023,2020-07-01
2023-08-01,phev,1442,0.0767429483767962,2023,2020-08-01
2023-09-01,phev,1531,0.0771673387096774,2023,2020-09-01
2023-10-01,phev,1512,0.080139926856416,2023,2020-10-01
2023-11-01,phev,1213,0.0641798941798942,2023,2020-11-01
2023-12-01,phev,1146,0.0619559928637076,2023,2020-12-01
2024-01-01,phev,1469,0.0836941659070191,2024,2020-01-01
2024-02-01,phev,1335,0.0667166416791604,2024,2020-02-01
2024-03-01,phev,1477,0.0574685809890666,2024,2020-03-01
2024-04-01,phev,1344,0.0629891737357642,2024,2020-04-01
2024-05-01,phev,1263,0.06372351160444,2024,2020-05-01
2024-06-01,phev,1807,0.0588733587462939,2024,2020-06-01
2024-07-01,phev,1406,0.0743875985397598,2024,2020-07-01
2024-08-01,phev,1120,0.065439672801636,2024,2020-08-01
2024-09-01,phev,1279,0.0642907409269126,2024,2020-09-01
2024-10-01,phev,1792,0.0815249533688185,2024,2020-10-01
2024-11-01,phev,1354,0.0709049015500628,2024,2020-11-01
2024-12-01,phev,1282,0.0591083037484439,2024,2020-12-01
2025-01-01,phev,1642,0.0803012519561815,2025,2020-01-01
2025-02-01,phev,1613,0.0822162189714053,2025,2020-02-01
2025-03-01,phev,2275,0.0876685934489403,2025,2020-03-01
2025-04-01,phev,2521,0.101428284047475,2025,2020-04-01
2025-05-01,phev,2479,0.101970301509605,2025,2020-05-01
2025-06-01,phev,2574,0.0923640017224056,2025,2020-06-01
2025-07-01,phev,2782,0.111875175935979,2025,2020-07-01
2025-08-01,phev,2421,0.112856610106284,2025,2020-08-01
2025-09-01,phev,2486,0.0965624393086036,2025,2020-09-01
2025-10-01,phev,2695,0.110094366599943,2025,2020-10-01
2025-11-01,phev,2556,0.111091794158554,2025,2020-11-01
2025-12-01,phev,2776,0.124061494458348,2025,2020-12-01
2026-01-01,phev,2738,0.119412098216233,2026,2020-01-01
2026-02-01,phev,2151,0.101042841037204,2026,2020-02-01
2026-03-01,phev,3165,0.0958568053788843,2026,2020-03-01
2026-04-01,phev,2997,0.108946163073903,2026,2020-04-01
2026-05-01,phev,2932,0.114849778683066,2026,2020-05-01
2026-06-01,phev,4040,0.117935544138253,2026,2020-06-01
2026-07-01,phev,3530,0.136699841226813,2026,2020-07-01
2026-08-01,phev,2680,0.123003488158619,2026,2020-08-01
2019-01-01,hybrid,561,0.0222116640931227,2019,2020-01-01
2019-02-01,hybrid,587,0.0248307952622673,2019,2020-02-01
2019-03-01,hybrid,1115,0.0348895425245635,2019,2020-03-01
2019-04-01,hybrid,1293,0.0404682169572157,2019,2020-04-01
2019-05-01,hybrid,1210,0.0395761104206188,2019,2020-05-01
2019-06-01,hybrid,1230,0.0378124135386886,2019,2020-06-01
2019-07-01,hybrid,1214,0.0386279750540919,2019,2020-07-01
2019-08-01,hybrid,1387,0.0464065845824411,2019,2020-08-01
2019-09-01,hybrid,1211,0.0575378913859457,2019,2020-09-01
2019-10-01,hybrid,1508,0.059988861484605,2019,2020-10-01
2019-11-01,hybrid,1463,0.0628679472304585,2019,2020-11-01
2019-12-01,hybrid,1570,0.0692178820209858,2019,2020-12-01
2020-01-01,hybrid,1688,0.0735223659567054,2020,2020-01-01
2020-02-01,hybrid,1707,0.0810271989367257,2020,2020-02-01
2020-03-01,hybrid,1017,0.0954571053125587,2020,2020-03-01
2020-04-01,hybrid,911,0.0811942959001783,2020,2020-04-01
2020-05-01,hybrid,1861,0.0920785710751571,2020,2020-05-01
2020-06-01,hybrid,2340,0.087719298245614,2020,2020-06-01
2020-07-01,hybrid,2493,0.100589089735313,2020,2020-07-01
2020-08-01,hybrid,2112,0.101023629580025,2020,2020-08-01
2020-09-01,hybrid,2608,0.117678909845682,2020,2020-09-01
2020-10-01,hybrid,3359,0.138378511988135,2020,2020-10-01
2020-11-01,hybrid,2681,0.133682373472949,2020,2020-11-01
2020-12-01,hybrid,3249,0.136673397274104,2020,2020-12-01
2021-01-01,hybrid,2095,0.148234628175193,2021,2020-01-01
2021-02-01,hybrid,2900,0.146000100689725,2021,2020-02-01
2021-03-01,hybrid,5227,0.177030413872519,2021,2020-03-01
2021-04-01,hybrid,3532,0.158414065303193,2021,2020-04-01
2021-05-01,hybrid,4041,0.179576056525797,2021,2020-05-01
2021-06-01,hybrid,4779,0.183279002876318,2021,2020-06-01
2021-07-01,hybrid,3914,0.196663651894282,2021,2020-07-01
2021-08-01,hybrid,3144,0.177436649923811,2021,2020-08-01
2021-09-01,hybrid,3194,0.178795342588446,2021,2020-09-01
2021-10-01,hybrid,3139,0.212741443578448,2021,2020-10-01
2021-11-01,hybrid,2902,0.165648724242251,2021,2020-11-01
2021-12-01,hybrid,3103,0.175827289211242,2021,2020-12-01
2022-01-01,hybrid,2652,0.169793200589026,2022,2020-01-01
2022-02-01,hybrid,3237,0.201018443768242,2022,2020-02-01
2022-03-01,hybrid,3813,0.184622088800659,2022,2020-03-01
2022-04-01,hybrid,3406,0.208139819115131,2022,2020-04-01
2022-05-01,hybrid,3575,0.208978780616122,2022,2020-05-01
2022-06-01,hybrid,3971,0.174472759226714,2022,2020-06-01
2022-07-01,hybrid,2878,0.179269963871932,2022,2020-07-01
2022-08-01,hybrid,3464,0.194453800381722,2022,2020-08-01
2022-09-01,hybrid,3489,0.168266216542079,2022,2020-09-01
2022-10-01,hybrid,3126,0.194632961833012,2022,2020-10-01
2022-11-01,hybrid,3761,0.206898448674222,2022,2020-11-01
2022-12-01,hybrid,3486,0.198045676627656,2022,2020-12-01
2023-01-01,hybrid,3743,0.198567639257294,2023,2020-01-01
2023-02-01,hybrid,3679,0.205588153115395,2023,2020-02-01
2023-03-01,hybrid,5260,0.199946782225263,2023,2020-03-01
2023-04-01,hybrid,3965,0.214277993947255,2023,2020-04-01
2023-05-01,hybrid,4429,0.214760219172768,2023,2020-05-01
2023-06-01,hybrid,5003,0.204112439312962,2023,2020-06-01
2023-07-01,hybrid,3799,0.216270067175225,2023,2020-07-01
2023-08-01,hybrid,4036,0.214795103778606,2023,2020-08-01
2023-09-01,hybrid,4469,0.225252016129032,2023,2020-09-01
2023-10-01,hybrid,4253,0.225420045582234,2023,2020-10-01
2023-11-01,hybrid,4129,0.218465608465608,2023,2020-11-01
2023-12-01,hybrid,3865,0.208952803157269,2023,2020-12-01
2024-01-01,hybrid,4069,0.231825432999088,2024,2020-01-01
2024-02-01,hybrid,4691,0.234432783608196,2024,2020-02-01
2024-03-01,hybrid,6199,0.24119684058986,2024,2020-03-01
2024-04-01,hybrid,4493,0.210573182734218,2024,2020-04-01
2024-05-01,hybrid,4444,0.224217961654894,2024,2020-05-01
2024-06-01,hybrid,7267,0.236764083015671,2024,2020-06-01
2024-07-01,hybrid,5156,0.272789799481509,2024,2020-07-01
2024-08-01,hybrid,4735,0.276657902424774,2024,2020-08-01
2024-09-01,hybrid,5078,0.255252840052277,2024,2020-09-01
2024-10-01,hybrid,6566,0.298712524452937,2024,2020-10-01
2024-11-01,hybrid,5528,0.289484708839548,2024,2020-11-01
2024-12-01,hybrid,5864,0.270367467379778,2024,2020-12-01
2025-01-01,hybrid,5405,0.264329029733959,2025,2020-01-01
2025-02-01,hybrid,5549,0.282838065140935,2025,2020-02-01
2025-03-01,hybrid,7224,0.278381502890173,2025,2020-03-01
2025-04-01,hybrid,7135,0.287064976865822,2025,2020-04-01
2025-05-01,hybrid,6865,0.282382460614537,2025,2020-05-01
2025-06-01,hybrid,8035,0.288323525190182,2025,2020-06-01
2025-07-01,hybrid,7353,0.295693087224032,2025,2020-07-01
2025-08-01,hybrid,6552,0.305426067499534,2025,2020-08-01
2025-09-01,hybrid,7597,0.295086424548456,2025,2020-09-01
2025-10-01,hybrid,7425,0.303321214101883,2025,2020-10-01
2025-11-01,hybrid,6651,0.289073365785814,2025,2020-11-01
2025-12-01,hybrid,7253,0.32414193779049,2025,2020-12-01
2026-01-01,hybrid,6496,0.283309346242749,2026,2020-01-01
2026-02-01,hybrid,6665,0.313087185268696,2026,2020-02-01
2026-03-01,hybrid,10513,0.318402083711915,2026,2020-03-01
2026-04-01,hybrid,8366,0.304118652077502,2026,2020-04-01
2026-05-01,hybrid,7239,0.283559873085511,2026,2020-05-01
2026-06-01,hybrid,10472,0.305698271835591,2026,2020-06-01
2026-07-01,hybrid,7192,0.278511404561825,2026,2020-07-01
2026-08-01,hybrid,6166,0.282999816412704,2026,2020-08-01
2019-01-01,petrol,13668,0.54115690699608,2019,2020-01-01
2019-02-01,petrol,12958,0.548138747884941,2019,2020-02-01
2019-03-01,petrol,17398,0.544402027661305,2019,2020-03-01
2019-04-01,petrol,17347,0.542925104065601,2019,2020-04-01
2019-05-01,petrol,16525,0.540491921240269,2019,2020-05-01
2019-06-01,petrol,18241,0.560761166958714,2019,2020-06-01
2019-07-01,petrol,17590,0.559691994399898,2019,2020-07-01
2019-08-01,petrol,16168,0.540952890792291,2019,2020-08-01
2019-09-01,petrol,11081,0.526488335629781,2019,2020-09-01
2019-10-01,petrol,12987,0.516628212268279,2019,2020-10-01
2019-11-01,petrol,11665,0.501267672210047,2019,2020-11-01
2019-12-01,petrol,11078,0.488404902565911,2019,2020-12-01
2020-01-01,petrol,11060,0.481728298270831,2020,2020-01-01
2020-02-01,petrol,9711,0.460957896235819,2020,2020-02-01
2020-03-01,petrol,4453,0.4179650835367,2020,2020-03-01
2020-04-01,petrol,5027,0.448039215686275,2020,2020-04-01
2020-05-01,petrol,9650,0.477462767799713,2020,2020-05-01
2020-06-01,petrol,12860,0.482081271554956,2020,2020-06-01
2020-07-01,petrol,10945,0.44161555842479,2020,2020-07-01
2020-08-01,petrol,9307,0.44518320099493,2020,2020-08-01
2020-09-01,petrol,8792,0.396715097915351,2020,2020-09-01
2020-10-01,petrol,10263,0.422798055532669,2020,2020-10-01
2020-11-01,petrol,7340,0.365993517825979,2020,2020-11-01
2020-12-01,petrol,8363,0.351800437489483,2020,2020-12-01
2021-01-01,petrol,6081,0.43026958182976,2021,2020-01-01
2021-02-01,petrol,8842,0.44514927251674,2021,2020-02-01
2021-03-01,petrol,11716,0.396802817855449,2021,2020-03-01
2021-04-01,petrol,8994,0.403390742734123,2021,2020-04-01
2021-05-01,petrol,8576,0.38110474159001,2021,2020-05-01
2021-06-01,petrol,10128,0.388418024928092,2021,2020-06-01
2021-07-01,petrol,7824,0.393126318962918,2021,2020-07-01
2021-08-01,petrol,6225,0.351317794457927,2021,2020-08-01
2021-09-01,petrol,6702,0.375167935512763,2021,2020-09-01
2021-10-01,petrol,4996,0.33859708573365,2021,2020-10-01
2021-11-01,petrol,5684,0.324447742451053,2021,2020-11-01
2021-12-01,petrol,5710,0.323549410698096,2021,2020-12-01
2022-01-01,petrol,6134,0.392726807093924,2022,2020-01-01
2022-02-01,petrol,6053,0.375892690802956,2022,2020-02-01
2022-03-01,petrol,8212,0.397617779499346,2022,2020-03-01
2022-04-01,petrol,6652,0.406502077731606,2022,2020-04-01
2022-05-01,petrol,6748,0.394458408838487,2022,2020-05-01
2022-06-01,petrol,8975,0.394332161687171,2022,2020-06-01
2022-07-01,petrol,5942,0.370125825339479,2022,2020-07-01
2022-08-01,petrol,6457,0.362467722016392,2022,2020-08-01
2022-09-01,petrol,6898,0.332674222329395,2022,2020-09-01
2022-10-01,petrol,5497,0.342257642737065,2022,2020-10-01
2022-11-01,petrol,5684,0.312685663989438,2022,2020-11-01
2022-12-01,petrol,5315,0.301954323372344,2022,2020-12-01
2023-01-01,petrol,7220,0.383023872679045,2023,2020-01-01
2023-02-01,petrol,5929,0.331321598211791,2023,2020-02-01
2023-03-01,petrol,8812,0.334967879271677,2023,2020-03-01
2023-04-01,petrol,6355,0.343439256377,2023,2020-04-01
2023-05-01,petrol,6831,0.331232119478252,2023,2020-05-01
2023-06-01,petrol,7989,0.325935294357635,2023,2020-06-01
2023-07-01,petrol,5387,0.306671979961289,2023,2020-07-01
2023-08-01,petrol,5545,0.295103778605641,2023,2020-08-01
2023-09-01,petrol,5976,0.301209677419355,2023,2020-09-01
2023-10-01,petrol,5551,0.294217416653416,2023,2020-10-01
2023-11-01,petrol,5838,0.308888888888889,2023,2020-11-01
2023-12-01,petrol,5921,0.320105963129156,2023,2020-12-01
2024-01-01,petrol,5681,0.323666818596171,2024,2020-01-01
2024-02-01,petrol,6527,0.326186906546727,2024,2020-02-01
2024-03-01,petrol,8312,0.323411540406988,2024,2020-03-01
2024-04-01,petrol,8070,0.378216244083048,2024,2020-04-01
2024-05-01,petrol,6788,0.342482341069627,2024,2020-05-01
2024-06-01,petrol,11017,0.358941778255628,2024,2020-06-01
2024-07-01,petrol,6388,0.337971535897572,2024,2020-07-01
2024-08-01,petrol,5735,0.335086181711949,2024,2020-08-01
2024-09-01,petrol,6106,0.306926711571328,2024,2020-09-01
2024-10-01,petrol,6575,0.299121968973204,2024,2020-10-01
2024-11-01,petrol,5729,0.30001047339757,2024,2020-11-01
2024-12-01,petrol,7076,0.326248328645857,2024,2020-12-01
2025-01-01,petrol,6505,0.318124021909233,2025,2020-01-01
2025-02-01,petrol,5736,0.292369641673888,2025,2020-02-01
2025-03-01,petrol,7346,0.283082851637765,2025,2020-03-01
2025-04-01,petrol,6681,0.268799034399517,2025,2020-04-01
2025-05-01,petrol,6808,0.28003784295175,2025,2020-05-01
2025-06-01,petrol,7474,0.268192909430171,2025,2020-06-01
2025-07-01,petrol,6727,0.270519161941529,2025,2020-07-01
2025-08-01,petrol,5706,0.265989185157561,2025,2020-08-01
2025-09-01,petrol,7656,0.297378131676054,2025,2020-09-01
2025-10-01,petrol,6492,0.265206912047061,2025,2020-10-01
2025-11-01,petrol,6576,0.285813630041725,2025,2020-11-01
2025-12-01,petrol,5750,0.25697175545227,2025,2020-12-01
2026-01-01,petrol,6718,0.292991408260282,2026,2020-01-01
2026-02-01,petrol,5530,0.259770762871101,2026,2020-02-01
2026-03-01,petrol,8181,0.247773941486462,2026,2020-03-01
2026-04-01,petrol,6368,0.2314878766949,2026,2020-04-01
2026-05-01,petrol,6135,0.240314935955188,2026,2020-05-01
2026-06-01,petrol,7577,0.221187529191966,2026,2020-06-01
2026-07-01,petrol,5625,0.217829067110715,2026,2020-07-01
2026-08-01,petrol,4873,0.223655223058564,2026,2020-08-01
2019-01-01,diesel,10318,0.408520410183316,2019,2020-01-01
2019-02-01,diesel,9230,0.390439932318105,2019,2020-02-01
2019-03-01,diesel,11929,0.373271168408536,2019,2020-03-01
2019-04-01,diesel,12373,0.387249225376358,2019,2020-04-01
2019-05-01,diesel,11922,0.389939163995552,2019,2020-05-01
2019-06-01,diesel,11947,0.367272280119278,2019,2020-06-01
2019-07-01,diesel,11766,0.374379534173349,2019,2020-07-01
2019-08-01,diesel,11382,0.380821734475375,2019,2020-08-01
2019-09-01,diesel,7575,0.359908775597472,2019,2020-09-01
2019-10-01,diesel,9707,0.386148460498051,2019,2020-10-01
2019-11-01,diesel,9138,0.392677581539255,2019,2020-11-01
2019-12-01,diesel,9024,0.397848514240367,2019,2020-12-01
2020-01-01,diesel,8901,0.387691101528812,2020,2020-01-01
2020-02-01,diesel,8281,0.393079223430009,2020,2020-02-01
2020-03-01,diesel,4137,0.388304862023653,2020,2020-03-01
2020-04-01,diesel,4484,0.399643493761141,2020,2020-04-01
2020-05-01,diesel,7417,0.36697837811093,2020,2020-05-01
2020-06-01,diesel,9671,0.362535612535613,2020,2020-06-01
2020-07-01,diesel,9496,0.383150419625565,2020,2020-07-01
2020-08-01,diesel,7689,0.367789151439778,2020,2020-08-01
2020-09-01,diesel,8308,0.374875913726198,2020,2020-09-01
2020-10-01,diesel,7989,0.329117574359397,2020,2020-10-01
2020-11-01,diesel,6931,0.345599601096983,2020,2020-11-01
2020-12-01,diesel,7605,0.319914184755174,2020,2020-12-01
2021-01-01,diesel,3635,0.257199462251468,2021,2020-01-01
2021-02-01,diesel,5181,0.260836731611539,2021,2020-02-01
2021-03-01,diesel,7475,0.253166700535122,2021,2020-03-01
2021-04-01,diesel,6048,0.271259418729817,2021,2020-04-01
2021-05-01,diesel,5656,0.251344265209083,2021,2020-05-01
2021-06-01,diesel,6138,0.235397890699904,2021,2020-06-01
2021-07-01,diesel,4990,0.250728569992966,2021,2020-07-01
2021-08-01,diesel,4016,0.226649359444664,2021,2020-08-01
2021-09-01,diesel,3266,0.18282579489476,2021,2020-09-01
2021-10-01,diesel,3150,0.213486953575059,2021,2020-10-01
2021-11-01,diesel,4292,0.24499115246304,2021,2020-11-01
2021-12-01,diesel,4416,0.250226654578422,2021,2020-12-01
2022-01-01,diesel,3712,0.237659261156284,2022,2020-01-01
2022-02-01,diesel,3763,0.233683164627709,2022,2020-02-01
2022-03-01,diesel,4382,0.21217256572895,2022,2020-03-01
2022-04-01,diesel,3365,0.20563431923735,2022,2020-04-01
2022-05-01,diesel,3665,0.214239784883381,2022,2020-05-01
2022-06-01,diesel,5201,0.228514938488576,2022,2020-06-01
2022-07-01,diesel,3980,0.247913292637349,2022,2020-07-01
2022-08-01,diesel,4396,0.24677220163916,2022,2020-08-01
2022-09-01,diesel,4580,0.220882565710152,2022,2020-09-01
2022-10-01,diesel,3712,0.231118859348733,2022,2020-10-01
2022-11-01,diesel,3761,0.206898448674222,2022,2020-11-01
2022-12-01,diesel,3598,0.204408589932962,2022,2020-12-01
2023-01-01,diesel,3923,0.208116710875332,2023,2020-01-01
2023-02-01,diesel,3596,0.200949986029617,2023,2020-02-01
2023-03-01,diesel,5261,0.199984794921504,2023,2020-03-01
2023-04-01,diesel,3442,0.18601383484652,2023,2020-04-01
2023-05-01,diesel,3955,0.191776172234883,2023,2020-05-01
2023-06-01,diesel,5101,0.208110644200563,2023,2020-06-01
2023-07-01,diesel,3758,0.213936012751907,2023,2020-07-01
2023-08-01,diesel,3821,0.20335284725918,2023,2020-08-01
2023-09-01,diesel,3603,0.181602822580645,2023,2020-09-01
2023-10-01,diesel,3172,0.168124238087666,2023,2020-10-01
2023-11-01,diesel,3390,0.179365079365079,2023,2020-11-01
2023-12-01,diesel,3546,0.191706763258907,2023,2020-12-01
2024-01-01,diesel,3506,0.199749316317229,2024,2020-01-01
2024-02-01,diesel,4135,0.206646676661669,2024,2020-02-01
2024-03-01,diesel,5050,0.196490408933505,2024,2020-03-01
2024-04-01,diesel,4197,0.196700567090031,2024,2020-04-01
2024-05-01,diesel,3876,0.195560040363269,2024,2020-05-01
2024-06-01,diesel,5906,0.19242172482325,2024,2020-06-01
2024-07-01,diesel,3017,0.159621184064335,2024,2020-07-01
2024-08-01,diesel,2425,0.141688577271399,2024,2020-08-01
2024-09-01,diesel,3010,0.151301900070373,2024,2020-09-01
2024-10-01,diesel,3058,0.139120149219781,2024,2020-10-01
2024-11-01,diesel,2748,0.14390448261416,2024,2020-11-01
2024-12-01,diesel,3204,0.147724653049933,2024,2020-12-01
2025-01-01,diesel,3074,0.15033255086072,2025,2020-01-01
2025-02-01,diesel,2488,0.126815841786024,2025,2020-02-01
2025-03-01,diesel,2982,0.114913294797688,2025,2020-03-01
2025-04-01,diesel,2827,0.113739690203178,2025,2020-04-01
2025-05-01,diesel,2731,0.112335979597713,2025,2020-05-01
2025-06-01,diesel,3546,0.127242715659538,2025,2020-06-01
2025-07-01,diesel,3085,0.124059999195721,2025,2020-07-01
2025-08-01,diesel,2459,0.114628006712661,2025,2020-08-01
2025-09-01,diesel,2623,0.101883860943873,2025,2020-09-01
2025-10-01,diesel,2702,0.110380325993709,2025,2020-10-01
2025-11-01,diesel,2511,0.1091359527121,2025,2020-11-01
2025-12-01,diesel,1976,0.0883089023954237,2025,2020-12-01
2026-01-01,diesel,2275,0.0992193292337215,2026,2020-01-01
2026-02-01,diesel,2503,0.117577978203683,2026,2020-02-01
2026-03-01,diesel,2953,0.0894360651765704,2026,2020-03-01
2026-04-01,diesel,2655,0.0965138681885928,2026,2020-04-01
2026-05-01,diesel,2624,0.102785067961926,2026,2020-05-01
2026-06-01,diesel,3174,0.092655301261093,2026,2020-06-01
2026-07-01,diesel,2403,0.0930565774696976,2026,2020-07-01
2026-08-01,diesel,1753,0.0804571323664402,2026,2020-08-01
2019-01-01,other,22,0.000871045650710694,2019,2020-01-01
2019-02-01,other,17,0.00071912013536379,2019,2020-02-01
2019-03-01,other,27,0.000844858877276425,2019,2020-03-01
2019-04-01,other,38,0.00118932114800789,2019,2020-04-01
2019-05-01,other,78,0.00255118728331262,2019,2020-05-01
2019-06-01,other,73,0.00224415137262135,2019,2020-06-01
2019-07-01,other,46,0.00146366297569047,2019,2020-07-01
2019-08-01,other,49,0.0016394539614561,2019,2020-08-01
2019-09-01,other,49,0.00232812277284174,2019,2020-09-01
2019-10-01,other,78,0.00310287214575543,2019,2020-10-01
2019-11-01,other,55,0.00236345666279919,2019,2020-11-01
2019-12-01,other,67,0.00295388413720131,2019,2020-12-01
2020-01-01,other,58,0.00252624243216168,2020,2020-01-01
2020-02-01,other,34,0.00161389851426401,2020,2020-02-01
2020-03-01,other,16,0.0015017833677492,2020,2020-03-01
2020-04-01,other,27,0.00240641711229947,2020,2020-04-01
2020-05-01,other,50,0.00247390035129385,2020,2020-05-01
2020-06-01,other,46,0.00172439646123857,2020,2020-06-01
2020-07-01,other,52,0.00209812782440284,2020,2020-07-01
2020-08-01,other,36,0.00172199368602315,2020,2020-08-01
2020-09-01,other,23,0.00103781247179857,2020,2020-09-01
2020-10-01,other,35,0.00144187196176979,2020,2020-10-01
2020-11-01,other,18,0.000897531787584144,2020,2020-11-01
2020-12-01,other,26,0.0010937237085647,2020,2020-12-01
2021-01-01,other,3,0.000212269157291446,2021,2020-01-01
2021-02-01,other,13,0.000654483209988421,2021,2020-02-01
2021-03-01,other,11,0.000372553004131952,2021,2020-03-01
2021-04-01,other,7,0.000313957660566918,2021,2020-04-01
2021-05-01,other,14,0.000622139270319513,2021,2020-05-01
2021-06-01,other,17,0.000651965484180249,2021,2020-06-01
2021-07-01,other,8,0.000401969651291328,2021,2020-07-01
2021-08-01,other,8,0.000451492747897737,2021,2020-08-01
2021-09-01,other,7,0.000391849529780564,2021,2020-09-01
2021-10-01,other,3,0.000203320908166723,2021,2020-10-01
2021-11-01,other,2,0.000114161767224157,2021,2020-11-01
2021-12-01,other,7,0.000396645512239347,2021,2020-12-01
2022-01-01,other,4,0.000256098341763237,2022,2020-01-01
2022-02-01,other,9,0.000558902067937651,2022,2020-02-01
2022-03-01,other,32,0.00154941170774222,2022,2020-03-01
2022-04-01,other,1,6.11097531165974e-05,2022,2020-04-01
2022-05-01,other,2,0.000116911205939089,2022,2020-05-01
2022-06-01,other,7,0.000307557117750439,2022,2020-06-01
2022-07-01,other,6,0.000373738632116606,2022,2020-07-01
2022-08-01,other,5,0.000280678118333895,2022,2020-08-01
2022-09-01,other,0,0,2022,2020-09-01
2022-10-01,other,4,0.000249050494987859,2022,2020-10-01
2022-11-01,other,5,0.000275057762130047,2022,2020-11-01
2022-12-01,other,2,0.000113623451880468,2022,2020-12-01
2023-01-01,other,1,5.30503978779841e-05,2023,2020-01-01
2023-02-01,other,0,0,2023,2020-02-01
2023-03-01,other,1,3.80126962405443e-05,2023,2020-03-01
2023-04-01,other,2,0.000108084738434933,2023,2020-04-01
2023-05-01,other,2,9.69791010037337e-05,2023,2020-05-01
2023-06-01,other,7,0.000285586063400106,2023,2020-06-01
2023-07-01,other,1,5.69281566662871e-05,2023,2020-07-01
2023-08-01,other,1,5.32197977647685e-05,2023,2020-08-01
2023-09-01,other,5,0.000252016129032258,2023,2020-09-01
2023-10-01,other,1,5.30025971272592e-05,2023,2020-10-01
2023-11-01,other,0,0,2023,2020-11-01
2023-12-01,other,0,0,2023,2020-12-01
2024-01-01,other,4,0.000227894257064722,2024,2020-01-01
2024-02-01,other,0,0,2024,2020-02-01
2024-03-01,other,6,0.000233453951208124,2024,2020-03-01
2024-04-01,other,1,4.68669447438721e-05,2024,2020-04-01
2024-05-01,other,1,5.04540867810293e-05,2024,2020-05-01
2024-06-01,other,0,0,2024,2020-06-01
2024-07-01,other,1,5.29072535844664e-05,2024,2020-07-01
2024-08-01,other,0,0,2024,2020-08-01
2024-09-01,other,0,0,2024,2020-09-01
2024-10-01,other,0,0,2024,2020-10-01
2024-11-01,other,0,0,2024,2020-11-01
2024-12-01,other,0,0,2024,2020-12-01
2025-01-01,other,0,0,2025,2020-01-01
2025-02-01,other,0,0,2025,2020-02-01
2025-03-01,other,1,3.85356454720617e-05,2025,2020-03-01
2025-04-01,other,1,4.02333534500101e-05,2025,2020-04-01
2025-05-01,other,0,0,2025,2020-05-01
2025-06-01,other,0,0,2025,2020-06-01
2025-07-01,other,0,0,2025,2020-07-01
2025-08-01,other,0,0,2025,2020-08-01
2025-09-01,other,0,0,2025,2020-09-01
2025-10-01,other,0,0,2025,2020-10-01
2025-11-01,other,0,0,2025,2020-11-01
2025-12-01,other,0,0,2025,2020-12-01
2026-01-01,other,0,0,2026,2020-01-01
2026-02-01,other,0,0,2026,2020-02-01
2026-03-01,other,0,0,2026,2020-03-01
2026-04-01,other,1,3.63517394307318e-05,2026,2020-04-01
2026-05-01,other,1,3.91711387050022e-05,2026,2020-05-01
2026-06-01,other,0,0,2026,2020-06-01
2026-07-01,other,0,0,2026,2020-07-01
2026-08-01,other,0,0,2026,2020-08-01
2019-01-01,total,25257,1,2019,2020-01-01
2019-02-01,total,23640,1,2019,2020-02-01
2019-03-01,total,31958,1,2019,2020-03-01
2019-04-01,total,31951,1,2019,2020-04-01
2019-05-01,total,30574,1,2019,2020-05-01
2019-06-01,total,32529,1,2019,2020-06-01
2019-07-01,total,31428,1,2019,2020-07-01
2019-08-01,total,29888,1,2019,2020-08-01
2019-09-01,total,21047,1,2019,2020-09-01
2019-10-01,total,25138,1,2019,2020-10-01
2019-11-01,total,23271,1,2019,2020-11-01
2019-12-01,total,22682,1,2019,2020-12-01
2020-01-01,total,22959,1,2020,2020-01-01
2020-02-01,total,21067,1,2020,2020-02-01
2020-03-01,total,10654,1,2020,2020-03-01
2020-04-01,total,11220,1,2020,2020-04-01
2020-05-01,total,20211,1,2020,2020-05-01
2020-06-01,total,26676,1,2020,2020-06-01
2020-07-01,total,24784,1,2020,2020-07-01
2020-08-01,total,20906,1,2020,2020-08-01
2020-09-01,total,22162,1,2020,2020-09-01
2020-10-01,total,24274,1,2020,2020-10-01
2020-11-01,total,20055,1,2020,2020-11-01
2020-12-01,total,23772,1,2020,2020-12-01
2021-01-01,total,14133,1,2021,2020-01-01
2021-02-01,total,19863,1,2021,2020-02-01
2021-03-01,total,29526,1,2021,2020-03-01
2021-04-01,total,22296,1,2021,2020-04-01
2021-05-01,total,22503,1,2021,2020-05-01
2021-06-01,total,26075,1,2021,2020-06-01
2021-07-01,total,19902,1,2021,2020-07-01
2021-08-01,total,17719,1,2021,2020-08-01
2021-09-01,total,17864,1,2021,2020-09-01
2021-10-01,total,14755,1,2021,2020-10-01
2021-11-01,total,17519,1,2021,2020-11-01
2021-12-01,total,17648,1,2021,2020-12-01
2022-01-01,total,15619,1,2022,2020-01-01
2022-02-01,total,16103,1,2022,2020-02-01
2022-03-01,total,20653,1,2022,2020-03-01
2022-04-01,total,16364,1,2022,2020-04-01
2022-05-01,total,17107,1,2022,2020-05-01
2022-06-01,total,22760,1,2022,2020-06-01
2022-07-01,total,16054,1,2022,2020-07-01
2022-08-01,total,17814,1,2022,2020-08-01
2022-09-01,total,20735,1,2022,2020-09-01
2022-10-01,total,16061,1,2022,2020-10-01
2022-11-01,total,18178,1,2022,2020-11-01
2022-12-01,total,17602,1,2022,2020-12-01
2023-01-01,total,18850,1,2023,2020-01-01
2023-02-01,total,17895,1,2023,2020-02-01
2023-03-01,total,26307,1,2023,2020-03-01
2023-04-01,total,18504,1,2023,2020-04-01
2023-05-01,total,20623,1,2023,2020-05-01
2023-06-01,total,24511,1,2023,2020-06-01
2023-07-01,total,17566,1,2023,2020-07-01
2023-08-01,total,18790,1,2023,2020-08-01
2023-09-01,total,19840,1,2023,2020-09-01
2023-10-01,total,18867,1,2023,2020-10-01
2023-11-01,total,18900,1,2023,2020-11-01
2023-12-01,total,18497,1,2023,2020-12-01
2024-01-01,total,17552,1,2024,2020-01-01
2024-02-01,total,20010,1,2024,2020-02-01
2024-03-01,total,25701,1,2024,2020-03-01
2024-04-01,total,21337,1,2024,2020-04-01
2024-05-01,total,19820,1,2024,2020-05-01
2024-06-01,total,30693,1,2024,2020-06-01
2024-07-01,total,18901,1,2024,2020-07-01
2024-08-01,total,17115,1,2024,2020-08-01
2024-09-01,total,19894,1,2024,2020-09-01
2024-10-01,total,21981,1,2024,2020-10-01
2024-11-01,total,19096,1,2024,2020-11-01
2024-12-01,total,21689,1,2024,2020-12-01
2025-01-01,total,20448,1,2025,2020-01-01
2025-02-01,total,19619,1,2025,2020-02-01
2025-03-01,total,25950,1,2025,2020-03-01
2025-04-01,total,24855,1,2025,2020-04-01
2025-05-01,total,24311,1,2025,2020-05-01
2025-06-01,total,27868,1,2025,2020-06-01
2025-07-01,total,24867,1,2025,2020-07-01
2025-08-01,total,21452,1,2025,2020-08-01
2025-09-01,total,25745,1,2025,2020-09-01
2025-10-01,total,24479,1,2025,2020-10-01
2025-11-01,total,23008,1,2025,2020-11-01
2025-12-01,total,22376,1,2025,2020-12-01
2026-01-01,total,22929,1,2026,2020-01-01
2026-02-01,total,21288,1,2026,2020-02-01
2026-03-01,total,33018,1,2026,2020-03-01
2026-04-01,total,27509,1,2026,2020-04-01
2026-05-01,total,25529,1,2026,2020-05-01
2026-06-01,total,34256,1,2026,2020-06-01
2026-07-01,total,25823,1,2026,2020-07-01
2026-08-01,total,21788,1,2026,2020-08-01
