road,vehicle,date,value,stations,year,date20
total,all,2019-01-01,86.313698124574,264,2019,2020-01-01
total,all,2019-02-01,94.852766017644,264,2019,2020-02-01
total,all,2019-03-01,97.9279855390887,264,2019,2020-03-01
total,all,2019-04-01,101.331152834483,263,2019,2020-04-01
total,all,2019-05-01,96.7252699522226,261,2019,2020-05-01
total,all,2019-06-01,106.490600661858,262,2019,2020-06-01
total,all,2019-07-01,113.462070531217,259,2019,2020-07-01
total,all,2019-08-01,115.89676391639,259,2019,2020-08-01
total,all,2019-09-01,106.420773864865,260,2019,2020-09-01
total,all,2019-10-01,101.451515600368,260,2019,2020-10-01
total,all,2019-11-01,91.7390439832773,261,2019,2020-11-01
total,all,2019-12-01,89.4123216392568,263,2019,2020-12-01
total,all,2020-01-01,89.7052568610508,265,2020,2020-01-01
total,all,2020-02-01,94.9580245281418,265,2020,2020-02-01
total,all,2020-03-01,61.277053910413,265,2020,2020-03-01
total,all,2020-04-01,44.9790380868149,268,2020,2020-04-01
total,all,2020-05-01,66.8340915896643,267,2020,2020-05-01
total,all,2020-06-01,87.9460736249172,267,2020,2020-06-01
total,all,2020-07-01,103.553472619017,262,2020,2020-07-01
total,all,2020-08-01,104.920714654096,258,2020,2020-08-01
total,all,2020-09-01,97.9030038851993,257,2020,2020-09-01
total,all,2020-10-01,85.6365709475965,254,2020,2020-10-01
total,all,2020-11-01,67.2898783124167,254,2020,2020-11-01
total,all,2020-12-01,65.271344302144,261,2020,2020-12-01
total,all,2021-01-01,59.4976865601291,262,2021,2020-01-01
total,all,2021-02-01,73.3062208485564,264,2021,2020-02-01
total,all,2021-03-01,78.3441719692661,264,2021,2020-03-01
total,all,2021-04-01,75.8121348992366,263,2021,2020-04-01
total,all,2021-05-01,83.6143353215694,265,2021,2020-05-01
total,all,2021-06-01,99.338956322021,263,2021,2020-06-01
total,all,2021-07-01,113.247286747972,261,2021,2020-07-01
total,all,2021-08-01,115.912948998766,259,2021,2020-08-01
total,all,2021-09-01,109.150543493011,252,2021,2020-09-01
total,all,2021-10-01,97.6060200285519,252,2021,2020-10-01
total,all,2021-11-01,82.1497048505782,252,2021,2020-11-01
total,all,2021-12-01,78.267659009137,259,2021,2020-12-01
total,all,2022-01-01,78.2989797580597,263,2022,2020-01-01
total,all,2022-02-01,88.7041839556755,264,2022,2020-02-01
total,all,2022-03-01,91.930397400568,262,2022,2020-03-01
total,all,2022-04-01,94.6905100227021,261,2022,2020-04-01
total,all,2022-05-01,97.5937777387693,264,2022,2020-05-01
total,all,2022-06-01,104.375445196357,262,2022,2020-06-01
total,all,2022-07-01,112.240823830828,250,2022,2020-07-01
total,all,2022-08-01,113.21856405563,244,2022,2020-08-01
total,all,2022-09-01,106.160944673781,247,2022,2020-09-01
total,all,2022-10-01,93.9421344653751,237,2022,2020-10-01
total,all,2022-11-01,88.5202739041257,242,2022,2020-11-01
total,all,2022-12-01,85.8612528167277,254,2022,2020-12-01
total,all,2023-01-01,84.5294624354981,254,2023,2020-01-01
total,all,2023-02-01,92.342840448748,261,2023,2020-02-01
total,all,2023-03-01,95.5215959156569,261,2023,2020-03-01
total,all,2023-04-01,96.7331249140478,261,2023,2020-04-01
total,all,2023-05-01,98.3777283021082,261,2023,2020-05-01
total,all,2023-06-01,107.094006985427,259,2023,2020-06-01
total,all,2023-07-01,115.454844670128,263,2023,2020-07-01
total,all,2023-08-01,113.701979086832,259,2023,2020-08-01
total,all,2023-09-01,107.973014302821,260,2023,2020-09-01
total,all,2023-10-01,97.5157531076243,263,2023,2020-10-01
total,all,2023-11-01,90.0773860337378,265,2023,2020-11-01
total,all,2023-12-01,86.706268814813,269,2023,2020-12-01
total,all,2024-01-01,87.533187704725,266,2024,2020-01-01
total,all,2024-02-01,93.1452475028001,264,2024,2020-02-01
total,all,2024-03-01,96.8150053357642,266,2024,2020-03-01
total,all,2024-04-01,98.0825769744624,271,2024,2020-04-01
total,all,2024-05-01,98.9472703044645,272,2024,2020-05-01
total,all,2024-06-01,105.223494726229,268,2024,2020-06-01
total,all,2024-07-01,114.46559220882,274,2024,2020-07-01
total,all,2024-08-01,115.742839744579,265,2024,2020-08-01
total,all,2024-09-01,102.949814431967,265,2024,2020-09-01
total,all,2024-10-01,99.0452235552114,265,2024,2020-10-01
total,all,2024-11-01,92.2819175469398,270,2024,2020-11-01
total,all,2024-12-01,89.7174019394819,274,2024,2020-12-01
total,all,2025-01-01,88.1747823740602,268,2025,2020-01-01
total,all,2025-02-01,94.1485394666584,273,2025,2020-02-01
total,all,2025-03-01,94.303012056718,269,2025,2020-03-01
total,all,2025-04-01,100.68317739679,273,2025,2020-04-01
total,all,2025-05-01,97.7808145208961,271,2025,2020-05-01
total,all,2025-06-01,106.570318376174,270,2025,2020-06-01
total,all,2025-07-01,113.236895643965,270,2025,2020-07-01
total,all,2025-08-01,116.538533459375,268,2025,2020-08-01
total,all,2025-09-01,106.019925245447,265,2025,2020-09-01
total,all,2025-10-01,100.046467617609,266,2025,2020-10-01
total,all,2025-11-01,91.9136694203483,269,2025,2020-11-01
total,all,2025-12-01,90.5838644219584,273,2025,2020-12-01
total,all,2026-01-01,87.7734091195278,273,2026,2020-01-01
total,all,2026-02-01,93.7298280942025,275,2026,2020-02-01
total,all,2026-03-01,95.8708298660078,279,2026,2020-03-01
total,all,2026-04-01,98.8559335346262,278,2026,2020-04-01
total,all,2026-05-01,98.3547640431909,276,2026,2020-05-01
total,all,2026-06-01,105.577900154891,278,2026,2020-06-01
total,all,2026-07-01,114.644928056375,268,2026,2020-07-01
total,heavy,2019-01-01,93.995750949456,276,2019,2020-01-01
total,heavy,2019-02-01,103.751055393184,276,2019,2020-02-01
total,heavy,2019-03-01,103.63456028588,276,2019,2020-03-01
total,heavy,2019-04-01,106.586508882391,276,2019,2020-04-01
total,heavy,2019-05-01,105.893706034252,276,2019,2020-05-01
total,heavy,2019-06-01,100.564176151961,277,2019,2020-06-01
total,heavy,2019-07-01,111.265411530005,277,2019,2020-07-01
total,heavy,2019-08-01,92.5867757629482,277,2019,2020-08-01
total,heavy,2019-09-01,108.021032797328,277,2019,2020-09-01
total,heavy,2019-10-01,112.360685380081,276,2019,2020-10-01
total,heavy,2019-11-01,103.736576296824,276,2019,2020-11-01
total,heavy,2019-12-01,81.9399082465283,276,2019,2020-12-01
total,heavy,2020-01-01,92.3957327713763,280,2020,2020-01-01
total,heavy,2020-02-01,101.936707191029,280,2020,2020-02-01
total,heavy,2020-03-01,97.3466102971885,280,2020,2020-03-01
total,heavy,2020-04-01,80.9222573710585,280,2020,2020-04-01
total,heavy,2020-05-01,86.9750159013351,280,2020,2020-05-01
total,heavy,2020-06-01,96.9687849109505,280,2020,2020-06-01
total,heavy,2020-07-01,104.34459052544,280,2020,2020-07-01
total,heavy,2020-08-01,88.6997926003309,280,2020,2020-08-01
total,heavy,2020-09-01,110.417234602361,280,2020,2020-09-01
total,heavy,2020-10-01,106.742427155101,280,2020,2020-10-01
total,heavy,2020-11-01,107.920455252813,280,2020,2020-11-01
total,heavy,2020-12-01,85.3350472479574,280,2020,2020-12-01
total,heavy,2021-01-01,83.8935876229259,283,2021,2020-01-01
total,heavy,2021-02-01,106.973305648146,283,2021,2020-02-01
total,heavy,2021-03-01,116.955739323807,283,2021,2020-03-01
total,heavy,2021-04-01,109.544300080712,283,2021,2020-04-01
total,heavy,2021-05-01,100.795380408624,283,2021,2020-05-01
total,heavy,2021-06-01,112.461158916562,283,2021,2020-06-01
total,heavy,2021-07-01,108.650989625919,283,2021,2020-07-01
total,heavy,2021-08-01,97.5766323441175,283,2021,2020-08-01
total,heavy,2021-09-01,113.989175424011,283,2021,2020-09-01
total,heavy,2021-10-01,105.128281288425,283,2021,2020-10-01
total,heavy,2021-11-01,112.620215121187,283,2021,2020-11-01
total,heavy,2021-12-01,90.4536895763375,283,2021,2020-12-01
total,heavy,2022-01-01,89.8485304228047,287,2022,2020-01-01
total,heavy,2022-02-01,109.019311927286,287,2022,2020-02-01
total,heavy,2022-03-01,116.929882487459,287,2022,2020-03-01
total,heavy,2022-04-01,104.452951499656,287,2022,2020-04-01
total,heavy,2022-05-01,109.604266877297,287,2022,2020-05-01
total,heavy,2022-06-01,110.049478770508,287,2022,2020-06-01
total,heavy,2022-07-01,104.238284718353,287,2022,2020-07-01
total,heavy,2022-08-01,99.0057217789122,287,2022,2020-08-01
total,heavy,2022-09-01,113.848798976379,287,2022,2020-09-01
total,heavy,2022-10-01,104.761994678886,287,2022,2020-10-01
total,heavy,2022-11-01,111.601018503957,287,2022,2020-11-01
total,heavy,2022-12-01,87.2608436956465,287,2022,2020-12-01
total,heavy,2023-01-01,91.231594882167,290,2023,2020-01-01
total,heavy,2023-02-01,106.499649004161,290,2023,2020-02-01
total,heavy,2023-03-01,113.991304833684,290,2023,2020-03-01
total,heavy,2023-04-01,98.895701338491,290,2023,2020-04-01
total,heavy,2023-05-01,103.569771847472,290,2023,2020-05-01
total,heavy,2023-06-01,108.192052291523,290,2023,2020-06-01
total,heavy,2023-07-01,101.402409077227,290,2023,2020-07-01
total,heavy,2023-08-01,95.0526727323305,290,2023,2020-08-01
total,heavy,2023-09-01,106.909853756853,290,2023,2020-09-01
total,heavy,2023-10-01,106.041083992163,290,2023,2020-10-01
total,heavy,2023-11-01,107.801877603678,290,2023,2020-11-01
total,heavy,2023-12-01,81.1496812488949,290,2023,2020-12-01
total,heavy,2024-01-01,91.3233078845666,290,2024,2020-01-01
total,heavy,2024-02-01,104.473868610095,290,2024,2020-02-01
total,heavy,2024-03-01,101.756845190464,290,2024,2020-03-01
total,heavy,2024-04-01,106.987504556192,292,2024,2020-04-01
total,heavy,2024-05-01,96.2369817630936,292,2024,2020-05-01
total,heavy,2024-06-01,103.677173209389,292,2024,2020-06-01
total,heavy,2024-07-01,106.838829592611,298,2024,2020-07-01
total,heavy,2024-08-01,89.6040341484933,298,2024,2020-08-01
total,heavy,2024-09-01,103.948830510333,298,2024,2020-09-01
total,heavy,2024-10-01,109.623753344602,297,2024,2020-10-01
total,heavy,2024-11-01,101.428523219457,297,2024,2020-11-01
total,heavy,2024-12-01,80.9564596369511,297,2024,2020-12-01
total,heavy,2025-01-01,89.7628436307565,299,2025,2020-01-01
total,heavy,2025-02-01,103.015762038088,299,2025,2020-02-01
total,heavy,2025-03-01,102.972399616077,299,2025,2020-03-01
total,heavy,2025-04-01,104.429120732481,299,2025,2020-04-01
total,heavy,2025-05-01,100.682958146664,299,2025,2020-05-01
total,heavy,2025-06-01,100.409768144232,299,2025,2020-06-01
total,heavy,2025-07-01,108.30132432411,299,2025,2020-07-01
total,heavy,2025-08-01,86.997764272635,299,2025,2020-08-01
total,heavy,2025-09-01,109.343371205767,299,2025,2020-09-01
total,heavy,2025-10-01,110.295388797558,299,2025,2020-10-01
total,heavy,2025-11-01,101.222661822169,299,2025,2020-11-01
total,heavy,2025-12-01,82.5666372694622,299,2025,2020-12-01
total,heavy,2026-01-01,87.9542327506663,301,2026,2020-01-01
total,heavy,2026-02-01,106.671643669493,301,2026,2020-02-01
total,heavy,2026-03-01,110.235286277351,301,2026,2020-03-01
total,heavy,2026-04-01,107.472203328167,301,2026,2020-04-01
total,heavy,2026-05-01,98.4050331021385,301,2026,2020-05-01
total,heavy,2026-06-01,111.212977003409,301,2026,2020-06-01
total,heavy,2026-07-01,111.80723185861,301,2026,2020-07-01
total,light,2019-01-01,85.1937318868742,264,2019,2020-01-01
total,light,2019-02-01,93.5632060040125,264,2019,2020-02-01
total,light,2019-03-01,97.0031241587934,264,2019,2020-03-01
total,light,2019-04-01,100.451559816767,263,2019,2020-04-01
total,light,2019-05-01,95.397592749536,261,2019,2020-05-01
total,light,2019-06-01,106.893705511642,262,2019,2020-06-01
total,light,2019-07-01,113.406544711858,259,2019,2020-07-01
total,light,2019-08-01,118.31100377718,259,2019,2020-08-01
total,light,2019-09-01,105.93398343243,260,2019,2020-09-01
total,light,2019-10-01,99.8784680344609,260,2019,2020-10-01
total,light,2019-11-01,90.0659511716762,261,2019,2020-11-01
total,light,2019-12-01,90.0373896682373,263,2019,2020-12-01
total,light,2020-01-01,89.1506864518691,265,2020,2020-01-01
total,light,2020-02-01,93.8845956437268,265,2020,2020-02-01
total,light,2020-03-01,56.8677256662956,265,2020,2020-03-01
total,light,2020-04-01,40.6270765519747,268,2020,2020-04-01
total,light,2020-05-01,64.2863278975655,267,2020,2020-05-01
total,light,2020-06-01,86.6657054169628,267,2020,2020-06-01
total,light,2020-07-01,103.213317068762,262,2020,2020-07-01
total,light,2020-08-01,106.62188952504,258,2020,2020-08-01
total,light,2020-09-01,96.188498662807,257,2020,2020-09-01
total,light,2020-10-01,82.9292585014848,254,2020,2020-10-01
total,light,2020-11-01,62.3092302649285,254,2020,2020-11-01
total,light,2020-12-01,62.7606722883582,261,2020,2020-12-01
total,light,2021-01-01,56.4752294265539,262,2021,2020-01-01
total,light,2021-02-01,69.1666974951546,264,2021,2020-02-01
total,light,2021-03-01,73.6051014767567,264,2021,2020-03-01
total,light,2021-04-01,71.6688488369276,263,2021,2020-04-01
total,light,2021-05-01,81.4814122312317,265,2021,2020-05-01
total,light,2021-06-01,97.6917277777508,263,2021,2020-06-01
total,light,2021-07-01,113.749660462297,261,2021,2020-07-01
total,light,2021-08-01,118.097789330478,259,2021,2020-08-01
total,light,2021-09-01,108.539108147384,252,2021,2020-09-01
total,light,2021-10-01,96.6773089077731,252,2021,2020-10-01
total,light,2021-11-01,78.5217653343768,252,2021,2020-11-01
total,light,2021-12-01,76.7991069521233,259,2021,2020-12-01
total,light,2022-01-01,76.9232156421868,263,2022,2020-01-01
total,light,2022-02-01,86.2737169483428,264,2022,2020-02-01
total,light,2022-03-01,88.9269122676781,262,2022,2020-03-01
total,light,2022-04-01,93.5056246015852,261,2022,2020-04-01
total,light,2022-05-01,96.1484844607869,264,2022,2020-05-01
total,light,2022-06-01,103.676409243611,262,2022,2020-06-01
total,light,2022-07-01,113.198650856396,250,2022,2020-07-01
total,light,2022-08-01,114.945290010864,244,2022,2020-08-01
total,light,2022-09-01,105.208706859847,247,2022,2020-09-01
total,light,2022-10-01,92.6213811907806,237,2022,2020-10-01
total,light,2022-11-01,85.7138630503103,242,2022,2020-11-01
total,light,2022-12-01,85.6902607088551,254,2022,2020-12-01
total,light,2023-01-01,83.7129391301149,254,2023,2020-01-01
total,light,2023-02-01,90.6199600469372,261,2023,2020-02-01
total,light,2023-03-01,93.2791923376791,261,2023,2020-03-01
total,light,2023-04-01,96.4554141976301,261,2023,2020-04-01
total,light,2023-05-01,97.7240897834359,261,2023,2020-05-01
total,light,2023-06-01,106.936589091959,259,2023,2020-06-01
total,light,2023-07-01,117.135257386063,263,2023,2020-07-01
total,light,2023-08-01,115.930338231939,259,2023,2020-08-01
total,light,2023-09-01,108.113147287548,260,2023,2020-09-01
total,light,2023-10-01,96.4959116887822,263,2023,2020-10-01
total,light,2023-11-01,87.9764445577431,265,2023,2020-11-01
total,light,2023-12-01,87.3775518054185,269,2023,2020-12-01
total,light,2024-01-01,87.0915168436869,266,2024,2020-01-01
total,light,2024-02-01,91.8086642099256,264,2024,2020-02-01
total,light,2024-03-01,96.2407179721424,266,2024,2020-03-01
total,light,2024-04-01,97.0377392014961,271,2024,2020-04-01
total,light,2024-05-01,99.2749495210524,272,2024,2020-05-01
total,light,2024-06-01,105.401708115688,268,2024,2020-06-01
total,light,2024-07-01,115.377909330584,274,2024,2020-07-01
total,light,2024-08-01,118.817061046178,265,2024,2020-08-01
total,light,2024-09-01,102.860186034265,265,2024,2020-09-01
total,light,2024-10-01,97.8146989597965,265,2024,2020-10-01
total,light,2024-11-01,91.2190605068215,270,2024,2020-11-01
total,light,2024-12-01,90.7884552032882,274,2024,2020-12-01
total,light,2025-01-01,88.0043822683309,268,2025,2020-01-01
total,light,2025-02-01,93.1096344094648,273,2025,2020-02-01
total,light,2025-03-01,93.2898303421452,269,2025,2020-03-01
total,light,2025-04-01,100.241286679269,273,2025,2020-04-01
total,light,2025-05-01,97.4451623239993,271,2025,2020-05-01
total,light,2025-06-01,107.288078409647,270,2025,2020-06-01
total,light,2025-07-01,113.824290808889,270,2025,2020-07-01
total,light,2025-08-01,120.015252744763,268,2025,2020-08-01
total,light,2025-09-01,105.620179134003,265,2025,2020-09-01
total,light,2025-10-01,98.8226488666931,266,2025,2020-10-01
total,light,2025-11-01,90.808444719007,269,2025,2020-11-01
total,light,2025-12-01,91.5308092937888,273,2025,2020-12-01
total,light,2026-01-01,87.75318989508,273,2026,2020-01-01
total,light,2026-02-01,92.1966056024938,275,2026,2020-02-01
total,light,2026-03-01,94.1730611795276,279,2026,2020-03-01
total,light,2026-04-01,97.8533659963456,278,2026,2020-04-01
total,light,2026-05-01,98.3754373004196,276,2026,2020-05-01
total,light,2026-06-01,104.922274309651,278,2026,2020-06-01
total,light,2026-07-01,115.011125213261,268,2026,2020-07-01
